"","ID","Koulu","Luokka","Vaikeus1","Vaikeus2","Vaikeus3","Vaikeus4","Vaikeus5","Vaikeus6","Vaikeus7","Vaikeus8","Vaikeus9","Vaikeus10","Oikea1","Oikea2","Oikea3","Oikea4","Oikea5","Oikea6","Oikea7","Oikea8","Oikea9","Oikea10"
"1",16965,1,1,1,1,1,2,1,2,2,1,1,1,"b","c","a","c","a","d","c","b","d","b"
"2",14990,1,1,1,1,1,2,1,1,2,2,1,2,"b","c","b","c","c","d","d","a","b","d"
"3",12334,1,1,2,1,1,2,2,1,2,1,1,2,"a","b","d","b","b","a","c","b","d","a"
"4",12776,1,1,1,1,1,1,1,2,1,1,1,2,"d","c","c","a","c","d","c","d","c","d"
"5",17186,1,1,2,2,1,1,1,2,1,1,1,1,"b","d","c","a","d","b","b","b","a","a"
"6",12021,1,1,1,1,2,1,2,1,2,2,2,1,"a","a","b","a","d","c","c","b","b","d"
"7",15292,1,1,1,1,1,1,1,2,1,2,1,1,"c","d","b","c","d","a","a","b","a","a"
"8",17627,1,1,1,2,1,2,2,2,2,2,2,1,"a","b","c","b","d","a","a","c","c","a"
"9",10259,1,1,1,2,2,1,1,2,2,2,1,2,"b","a","a","d","a","a","b","a","b","d"
"10",11762,1,1,2,1,1,2,1,1,2,2,2,1,"d","b","b","c","c","a","d","b","c","b"
"11",17917,1,1,1,1,1,2,2,2,1,2,1,2,"d","a","b","d","b","c","a","c","b","b"
"12",14457,1,1,1,1,1,1,1,2,1,1,2,2,"d","c","a","b","c","c","c","d","a","d"
"13",15439,1,1,2,2,2,1,2,2,1,2,2,1,"a","a","c","d","b","b","d","c","b","b"
"14",14468,1,1,1,2,2,2,2,2,1,1,2,1,"b","d","a","c","b","d","c","a","a","c"
"15",17456,1,1,1,2,2,2,1,2,1,2,2,2,"a","c","a","d","c","d","b","c","a","d"
"16",10304,1,1,2,1,2,2,1,1,1,1,2,1,"a","a","d","d","c","d","d","c","c","b"
"17",13478,1,1,1,1,2,1,2,1,2,2,1,2,"d","b","b","d","b","c","b","a","b","b"
"18",15134,1,1,1,1,2,2,1,2,2,1,1,1,"c","c","a","d","b","b","a","c","c","d"
"19",18401,1,1,1,2,1,1,1,2,2,2,2,2,"b","b","a","d","a","a","d","d","d","d"
"20",11037,1,1,2,2,2,1,2,2,1,1,1,1,"b","b","b","a","a","a","b","d","b","b"
"21",19576,1,1,2,1,2,1,2,1,1,2,1,2,"a","c","c","d","a","c","d","b","b","a"
"22",16011,1,1,2,2,2,1,1,2,1,2,2,1,"c","c","a","c","d","d","b","d","b","b"
"23",10256,1,1,1,1,2,1,2,1,2,1,2,2,"d","b","a","c","a","a","a","d","b","b"
"24",12915,1,1,1,2,2,2,2,1,1,2,1,1,"a","c","c","d","b","a","c","b","b","b"
"25",14788,1,1,2,1,1,1,2,2,1,2,1,1,"a","c","c","a","a","c","d","d","a","b"
"26",10016,1,1,1,1,1,1,2,1,1,1,2,1,"a","d","a","a","d","c","d","c","c","c"
"27",16726,1,1,1,1,2,1,2,2,2,1,1,2,"c","a","c","c","a","c","d","c","c","b"
"28",15371,1,1,2,2,1,1,2,1,2,1,1,2,"d","b","b","d","a","c","c","c","d","b"
"29",12332,1,1,1,2,1,1,1,1,1,1,2,1,"a","b","d","d","b","b","a","d","b","b"
"30",16330,1,1,2,2,2,2,2,2,2,1,2,1,"a","d","a","d","a","b","d","d","c","a"
"31",12852,1,2,1,2,1,1,1,1,2,2,1,1,"c","b","a","d","b","b","b","d","c","a"
"32",11708,1,2,1,1,1,2,2,1,2,2,1,1,"d","b","b","a","c","d","d","b","d","a"
"33",19794,1,2,2,1,2,2,1,2,1,1,2,1,"a","d","a","b","b","d","a","c","c","c"
"34",17240,1,2,2,1,2,1,1,2,2,2,2,2,"c","c","a","d","b","b","b","a","c","b"
"35",10673,1,2,2,2,1,2,1,2,2,1,2,1,"d","b","b","d","b","a","d","a","a","a"
"36",10888,1,2,2,1,1,1,2,1,2,2,1,2,"a","d","c","a","d","c","b","a","b","d"
"37",12669,1,2,2,2,2,1,1,1,1,2,2,2,"a","d","c","c","d","a","c","d","b","b"
"38",19276,1,2,1,2,2,1,2,1,2,2,1,2,"d","d","b","d","c","b","d","d","d","a"
"39",17968,1,2,2,1,2,2,2,1,2,1,1,1,"d","d","a","c","a","a","b","c","a","a"
"40",13599,1,2,1,1,1,2,1,1,2,1,1,2,"c","a","b","b","b","d","b","b","d","b"
"41",17034,1,2,2,1,1,2,1,2,1,1,1,2,"b","b","a","d","d","d","c","d","a","b"
"42",19192,1,2,1,2,2,1,1,2,2,2,1,1,"a","b","b","b","b","d","c","a","a","b"
"43",14735,1,2,2,2,1,1,2,1,2,1,1,2,"b","d","b","a","d","d","c","a","d","a"
"44",11307,1,2,1,1,2,2,1,1,1,2,2,2,"d","b","a","d","d","b","d","c","c","c"
"45",11397,1,2,2,2,2,2,2,2,2,2,2,2,"d","c","b","a","c","c","d","d","b","b"
"46",18348,1,2,1,1,1,2,2,2,1,2,2,1,"d","d","b","a","a","d","d","c","b","d"
"47",17981,1,2,1,1,2,1,1,2,1,1,1,2,"c","d","b","c","c","d","a","d","a","a"
"48",16232,1,2,2,2,2,2,2,1,1,2,2,2,"d","c","b","c","c","a","c","d","b","b"
"49",12223,1,2,1,2,2,2,2,1,1,2,1,1,"a","c","c","a","b","d","c","a","c","d"
"50",10655,1,2,1,1,2,2,2,1,1,1,1,2,"d","a","c","b","a","a","d","c","d","a"
"51",18267,1,2,2,2,2,2,1,2,1,1,2,1,"c","a","a","b","c","a","c","a","c","c"
"52",19511,1,2,1,1,2,2,1,2,1,2,2,1,"c","c","a","c","b","a","a","a","c","c"
"53",18639,1,2,1,2,2,1,1,1,1,1,1,1,"a","b","c","a","d","c","a","d","a","b"
"54",14786,1,2,1,1,2,1,2,1,2,1,2,2,"c","c","d","d","b","c","b","b","c","b"
"55",14426,1,2,2,2,2,1,1,2,1,2,1,2,"d","b","a","c","d","b","a","d","d","b"
"56",15231,1,2,1,2,2,2,2,1,1,2,2,2,"d","a","d","b","b","d","c","a","b","b"
"57",12051,1,2,2,1,1,1,2,1,1,1,2,2,"b","a","c","d","b","d","d","a","c","c"
"58",15232,1,2,2,2,2,1,2,1,2,2,1,2,"b","c","d","c","b","d","b","a","d","c"
"59",11900,1,2,1,2,1,2,2,2,2,2,2,2,"b","a","c","d","b","d","c","a","c","b"
"60",18742,1,2,1,2,2,1,2,1,2,1,1,2,"a","a","a","c","d","b","c","c","d","b"
"61",16467,1,3,1,2,2,1,1,2,1,1,1,1,"c","c","d","d","c","c","a","d","b","d"
"62",15551,1,3,2,2,2,2,1,1,2,1,1,1,"b","a","b","c","c","a","a","b","d","b"
"63",16948,1,3,2,2,2,2,1,1,2,2,1,1,"b","b","b","c","d","b","d","a","a","a"
"64",11184,1,3,1,2,1,2,2,1,2,1,2,2,"d","d","a","b","c","a","b","c","c","a"
"65",15342,1,3,1,1,1,1,2,1,2,1,1,2,"a","c","b","c","a","c","c","b","b","b"
"66",17530,1,3,2,1,1,1,1,1,1,2,2,2,"a","d","a","d","c","b","c","a","b","d"
"67",10147,1,3,1,1,2,2,2,2,2,1,2,2,"c","b","d","d","a","c","b","c","a","d"
"68",15671,1,3,2,1,1,2,1,1,1,2,1,1,"d","b","d","a","b","c","a","a","b","b"
"69",13134,1,3,1,2,1,1,2,2,2,1,2,2,"b","d","c","c","c","c","c","a","b","b"
"70",11698,1,3,2,1,1,1,1,2,1,2,1,2,"d","a","d","d","d","b","d","d","a","d"
"71",15613,1,3,2,1,2,1,1,2,2,2,2,2,"a","b","c","c","b","a","d","b","a","d"
"72",15462,1,3,2,1,2,2,2,2,2,2,2,2,"c","c","c","a","d","b","d","a","c","a"
"73",14253,1,3,2,2,1,2,2,2,2,1,2,1,"a","a","d","d","c","d","c","c","d","b"
"74",11878,1,3,2,2,2,2,1,1,1,2,1,1,"b","d","c","a","c","b","b","c","c","a"
"75",15206,1,3,1,1,1,2,1,2,2,1,1,1,"d","a","a","a","d","d","a","b","c","a"
"76",15945,1,3,1,1,1,1,2,1,1,2,1,2,"a","d","c","c","d","c","c","a","a","d"
"77",16369,1,3,1,1,2,2,2,1,1,2,2,2,"a","c","c","d","d","b","c","b","b","c"
"78",11739,1,3,2,2,1,2,2,1,1,2,1,2,"a","a","a","b","d","a","c","a","b","b"
"79",13313,1,3,2,2,2,1,1,2,1,2,1,1,"c","a","d","a","c","d","c","b","c","c"
"80",12527,1,3,2,2,2,1,1,2,2,1,1,2,"d","d","d","d","b","d","c","c","b","b"
"81",12670,1,3,2,2,1,1,1,1,2,1,2,1,"b","d","a","c","d","c","a","d","c","b"
"82",18684,1,3,2,2,1,1,2,2,1,2,2,2,"a","d","c","c","a","b","b","c","c","c"
"83",10996,1,3,2,2,2,1,2,1,1,1,2,1,"a","b","a","d","b","d","c","a","a","b"
"84",12994,1,3,2,2,2,1,1,2,1,1,1,2,"b","d","d","a","a","d","b","a","d","b"
"85",12831,1,3,2,1,1,2,1,2,1,1,2,1,"a","a","a","a","c","a","a","c","c","a"
"86",13447,1,3,1,1,1,1,1,1,1,1,2,2,"a","b","d","a","d","d","a","d","c","c"
"87",18177,1,3,2,1,1,2,1,2,2,1,2,1,"b","a","d","b","a","d","a","a","a","c"
"88",16896,1,3,2,1,2,2,1,1,1,1,1,2,"d","d","d","b","b","c","a","d","b","b"
"89",11919,1,3,1,1,2,2,1,2,1,1,1,1,"a","b","c","d","a","d","c","a","d","c"
"90",13823,1,3,2,2,1,1,1,1,2,1,2,1,"a","c","c","b","c","a","d","d","b","c"
"91",16959,1,4,2,1,2,1,2,1,1,1,2,1,"d","b","d","a","c","c","c","a","d","b"
"92",16969,1,4,2,2,2,1,1,2,2,2,1,1,"a","d","b","b","d","c","b","b","c","b"
"93",15510,1,4,1,1,2,1,2,1,1,2,1,2,"c","c","a","a","c","d","d","c","b","d"
"94",19375,1,4,1,1,2,2,2,1,2,2,1,2,"d","c","a","d","c","b","a","c","a","b"
"95",17031,1,4,1,2,2,1,2,2,2,1,2,2,"c","d","a","d","c","b","d","b","a","b"
"96",17179,1,4,2,1,2,2,2,2,1,1,1,2,"b","c","d","c","d","a","a","b","b","d"
"97",18385,1,4,2,2,2,2,2,1,2,2,1,2,"b","b","a","d","c","d","c","c","b","d"
"98",13024,1,4,2,1,2,1,1,2,1,1,1,1,"c","c","b","b","b","d","d","c","b","b"
"99",14412,1,4,1,2,1,1,1,2,1,2,1,1,"a","d","b","c","b","c","a","b","c","b"
"100",19334,1,4,2,2,1,1,2,1,1,2,2,1,"b","b","b","d","c","d","a","b","a","a"
"101",10266,1,4,2,1,2,1,2,2,1,1,1,2,"d","d","d","b","b","a","a","a","b","c"
"102",18530,1,4,1,2,1,2,2,1,2,1,2,2,"b","b","a","b","b","d","d","c","a","c"
"103",11859,1,4,1,1,1,1,2,2,2,1,1,2,"d","a","a","c","b","d","c","b","b","c"
"104",16694,1,4,1,2,2,1,1,2,1,2,2,1,"d","d","a","c","c","d","d","b","c","c"
"105",17915,1,4,2,1,2,1,1,1,1,2,2,1,"b","b","b","d","d","d","b","d","c","d"
"106",10155,1,4,2,1,1,1,1,2,2,2,2,1,"a","b","c","c","b","b","b","b","a","b"
"107",17997,1,4,2,2,2,2,1,1,2,1,2,2,"b","d","c","a","c","a","d","c","a","a"
"108",19046,1,4,2,1,2,1,1,1,1,1,1,1,"b","a","c","d","c","a","b","a","b","a"
"109",19549,1,4,1,1,1,2,2,1,1,2,1,1,"d","d","a","c","d","d","d","a","a","d"
"110",17343,1,4,1,1,2,2,1,1,2,2,1,1,"d","c","c","c","b","a","b","b","a","a"
"111",12728,1,4,2,2,2,1,2,1,2,2,2,1,"b","b","a","a","a","d","d","a","c","d"
"112",10126,1,4,1,1,2,2,2,2,1,2,2,1,"a","a","c","b","d","b","b","a","c","c"
"113",15915,1,4,2,1,2,2,1,2,1,1,2,1,"a","a","b","c","a","c","c","a","b","a"
"114",14495,1,4,2,2,2,2,2,1,2,2,1,1,"b","c","d","b","b","d","d","d","b","a"
"115",15161,1,4,1,2,1,2,2,1,2,2,2,1,"a","b","c","a","d","b","d","d","a","d"
"116",19708,1,4,2,1,2,1,2,1,1,1,2,1,"b","d","a","d","c","d","b","b","a","c"
"117",15762,1,4,2,1,1,1,1,1,1,1,2,1,"b","d","b","a","c","a","a","d","a","b"
"118",17905,1,4,2,1,2,1,2,2,1,1,2,1,"a","b","b","d","c","c","b","b","c","a"
"119",14994,1,4,1,2,2,2,1,1,1,2,2,2,"b","d","d","b","a","c","c","b","c","b"
"120",19719,1,4,1,1,2,1,1,1,1,2,1,1,"d","b","b","c","d","d","b","b","c","a"
"121",16926,2,1,1,2,2,1,2,2,2,2,2,1,"a","a","d","b","b","d","d","c","a","d"
"122",14459,2,1,1,1,2,2,1,2,1,1,2,1,"d","b","b","a","b","c","c","b","c","d"
"123",11372,2,1,2,2,1,1,2,1,1,1,1,1,"a","c","d","d","b","c","c","d","b","c"
"124",12898,2,1,2,2,1,1,2,1,1,1,2,2,"b","b","a","c","b","c","d","d","a","b"
"125",19710,2,1,2,1,1,1,1,1,2,2,2,2,"a","d","b","c","b","d","d","d","b","a"
"126",16042,2,1,2,2,1,1,2,2,2,2,2,2,"c","c","d","a","d","d","b","b","c","b"
"127",19871,2,1,1,2,2,2,1,2,1,1,1,1,"d","d","c","a","b","c","a","a","d","d"
"128",13598,2,1,1,2,2,2,2,2,1,1,1,2,"d","a","c","a","b","c","b","d","c","d"
"129",16358,2,1,1,2,1,2,2,2,1,1,1,2,"b","c","d","b","b","d","a","a","b","a"
"130",13517,2,1,1,1,2,1,1,1,2,1,2,2,"a","a","a","c","d","b","c","d","c","b"
"131",10451,2,1,2,2,2,1,2,1,2,2,1,2,"c","d","b","a","c","a","b","d","c","b"
"132",12557,2,1,1,1,1,2,2,1,2,1,1,1,"b","d","b","c","d","a","d","a","a","b"
"133",10810,2,1,2,2,2,1,2,1,2,1,1,1,"a","a","a","a","b","d","b","a","a","b"
"134",14638,2,1,2,2,2,2,2,2,1,2,1,1,"a","c","a","d","d","c","a","a","d","d"
"135",17701,2,1,1,2,2,1,2,2,2,1,1,2,"d","a","d","a","c","c","a","d","b","c"
"136",10829,2,1,2,1,2,1,1,1,1,1,1,2,"d","d","a","c","a","a","a","d","b","a"
"137",10099,2,1,1,1,1,1,1,2,1,2,2,2,"a","a","b","c","a","a","a","d","a","d"
"138",13132,2,1,2,2,1,1,1,1,1,2,2,1,"a","c","a","b","b","d","d","b","a","c"
"139",14826,2,1,1,1,1,2,1,2,2,1,2,2,"d","b","b","d","d","c","c","c","b","a"
"140",11994,2,1,1,1,1,1,1,2,2,2,2,1,"d","a","a","a","b","a","b","a","c","d"
"141",15548,2,1,2,1,2,1,1,1,2,1,1,2,"d","c","b","d","b","a","b","b","b","a"
"142",11163,2,1,1,2,2,1,2,2,2,2,1,2,"d","d","d","c","b","c","c","a","d","c"
"143",15063,2,1,2,2,1,1,1,1,2,1,2,2,"c","b","b","b","c","d","d","d","c","c"
"144",10836,2,1,1,2,2,1,2,1,1,1,1,2,"a","b","b","d","c","c","d","c","c","d"
"145",11146,2,1,1,1,1,1,2,1,2,1,1,1,"d","c","d","a","d","c","c","d","a","c"
"146",19120,2,1,1,1,1,2,1,2,2,1,1,1,"a","c","a","c","a","a","a","b","b","d"
"147",17793,2,1,1,2,1,2,1,1,2,2,1,1,"a","b","c","c","a","a","c","b","b","d"
"148",10734,2,1,2,2,1,2,1,1,2,2,2,2,"a","d","c","c","a","b","d","d","d","d"
"149",14128,2,1,1,1,1,2,1,1,1,1,2,1,"c","b","b","c","d","d","a","d","c","d"
"150",17378,2,1,2,2,1,1,1,1,2,1,1,1,"b","c","d","c","d","d","d","a","b","c"
"151",11918,2,2,2,2,1,2,2,1,1,2,1,1,"d","d","c","c","b","a","d","d","a","c"
"152",19026,2,2,2,1,1,1,2,1,1,1,2,2,"c","a","c","b","c","c","d","c","a","c"
"153",11278,2,2,1,2,2,1,1,2,2,1,2,2,"c","b","a","c","c","a","b","d","c","c"
"154",11798,2,2,2,1,2,1,2,2,1,1,2,2,"b","d","a","d","d","d","a","b","c","b"
"155",13708,2,2,2,2,2,2,2,1,2,2,1,2,"b","c","a","b","c","a","b","a","d","d"
"156",17348,2,2,2,1,1,2,2,2,2,2,2,1,"a","c","b","d","d","b","d","b","c","c"
"157",17399,2,2,1,2,1,1,1,2,2,1,1,1,"a","c","b","d","b","b","a","b","d","b"
"158",17121,2,2,1,2,2,2,2,1,1,2,1,2,"b","b","d","a","b","b","a","a","c","c"
"159",19696,2,2,1,2,2,2,1,2,2,1,1,2,"b","c","c","c","d","b","c","c","d","c"
"160",14607,2,2,2,2,2,2,2,2,2,2,2,1,"b","a","b","a","d","b","a","b","c","c"
"161",14576,2,2,1,2,2,2,1,2,2,2,1,1,"a","b","c","b","c","d","a","a","b","c"
"162",18622,2,2,1,2,1,2,1,2,1,1,1,2,"b","d","d","a","c","c","d","c","d","a"
"163",16589,2,2,2,1,2,2,2,2,1,2,1,2,"d","a","a","c","d","a","b","a","c","a"
"164",17114,2,2,1,1,2,2,1,2,2,1,1,1,"a","c","c","c","b","b","a","c","a","c"
"165",18617,2,2,2,2,1,1,1,2,1,1,2,2,"a","c","b","b","b","d","a","b","b","b"
"166",15408,2,2,1,1,2,2,1,1,1,1,2,2,"a","d","a","d","d","d","c","d","b","c"
"167",11569,2,2,1,1,1,2,1,1,1,1,2,2,"a","c","b","d","c","d","a","d","c","b"
"168",11130,2,2,1,1,2,1,2,1,1,1,1,2,"c","d","c","d","d","b","d","a","d","d"
"169",12821,2,2,1,1,1,2,2,1,1,2,1,1,"d","c","b","d","a","d","d","c","a","d"
"170",13174,2,2,1,2,1,1,2,2,1,2,1,2,"a","b","b","d","d","c","b","a","b","d"
"171",11594,2,2,1,1,1,1,2,1,2,2,2,1,"b","c","b","c","c","d","d","c","a","a"
"172",10208,2,2,1,2,2,2,2,2,1,1,2,2,"b","a","a","d","d","b","c","a","d","c"
"173",14068,2,2,1,1,1,2,2,1,1,2,2,2,"c","d","d","b","d","b","a","b","c","a"
"174",10758,2,2,2,2,1,1,1,1,1,2,2,2,"a","c","a","b","c","b","b","c","b","a"
"175",18582,2,2,1,2,1,1,1,1,2,2,2,1,"c","d","c","b","b","c","a","b","b","b"
"176",12020,2,2,2,1,1,2,2,2,1,1,2,2,"c","a","c","c","b","c","c","a","b","c"
"177",18547,2,2,2,1,2,2,2,1,2,2,2,1,"d","c","d","a","c","c","b","b","c","c"
"178",11846,2,2,1,1,1,1,1,2,1,2,1,1,"a","b","d","a","a","c","d","b","d","b"
"179",11123,2,2,2,1,2,2,1,1,1,1,1,1,"b","d","b","d","d","b","b","b","c","b"
"180",17388,2,2,2,1,2,2,1,2,2,1,1,1,"b","a","d","c","d","c","c","d","d","d"
"181",16640,2,3,2,2,2,2,2,1,2,1,2,2,"c","b","b","a","c","b","d","b","b","c"
"182",16723,2,3,2,2,2,2,1,1,1,2,1,2,"b","c","c","a","a","c","a","b","d","d"
"183",11310,2,3,2,2,1,1,1,2,2,2,1,2,"a","a","c","a","b","b","c","a","c","b"
"184",13318,2,3,1,1,1,2,1,2,1,2,1,1,"d","b","c","b","b","a","b","d","c","a"
"185",17424,2,3,1,2,1,2,1,1,2,2,2,1,"c","b","a","d","b","a","b","b","c","b"
"186",19044,2,3,2,2,2,2,1,1,1,2,2,1,"c","a","c","b","b","b","b","c","b","c"
"187",13175,2,3,2,1,2,2,2,2,2,2,2,1,"a","b","d","b","d","d","c","a","b","a"
"188",14821,2,3,2,1,2,2,2,1,2,1,1,2,"c","d","a","d","a","d","b","b","d","a"
"189",17254,2,3,1,2,1,1,1,1,2,2,2,1,"d","b","b","c","a","b","a","a","c","a"
"190",10678,2,3,2,2,2,2,2,2,1,2,1,1,"b","d","c","b","d","c","a","b","a","b"
"191",15740,2,3,2,2,2,2,2,1,1,2,2,1,"b","b","b","a","d","c","b","c","c","c"
"192",15539,2,3,1,2,1,2,1,1,2,1,1,2,"b","c","b","a","d","a","d","b","c","b"
"193",17557,2,3,2,1,2,2,1,1,1,1,1,2,"c","c","c","a","d","c","c","c","d","b"
"194",18625,2,3,2,1,2,2,1,2,2,2,1,2,"b","a","a","d","a","c","d","d","b","d"
"195",12274,2,3,2,2,1,2,2,2,1,1,2,1,"c","c","b","c","d","b","a","c","d","c"
"196",13663,2,3,2,2,1,2,1,1,1,1,1,2,"b","a","d","b","a","d","a","c","c","b"
"197",14034,2,3,1,1,2,1,1,2,2,1,2,2,"c","b","d","a","a","c","d","d","d","a"
"198",18009,2,3,2,1,1,1,2,2,2,2,2,2,"b","d","d","d","b","a","d","c","c","a"
"199",12297,2,3,2,2,2,1,2,2,2,2,1,2,"d","b","b","c","b","a","a","b","c","a"
"200",11028,2,3,1,2,2,1,1,2,2,1,1,1,"d","d","c","d","c","b","a","a","b","d"
"201",14492,2,3,2,1,2,2,2,1,1,2,1,1,"d","a","a","d","d","b","a","b","c","c"
"202",17638,2,3,2,1,1,2,2,2,1,1,2,2,"a","d","a","b","b","c","c","c","b","b"
"203",13764,2,3,2,1,2,1,1,1,1,1,2,2,"a","a","c","d","c","a","b","d","a","a"
"204",12638,2,3,2,2,2,1,2,1,1,2,1,2,"d","c","b","d","a","d","c","b","c","d"
"205",19228,2,3,2,1,1,2,1,1,1,1,1,1,"d","d","c","c","b","c","d","c","c","a"
"206",10420,2,3,2,2,2,1,1,1,2,2,2,2,"d","d","b","d","b","c","a","a","d","d"
"207",15809,2,3,2,2,1,1,2,1,1,1,2,2,"d","d","b","b","a","b","d","c","c","b"
"208",19167,2,3,2,1,1,1,1,1,1,1,1,1,"a","a","d","d","b","d","a","c","b","a"
"209",17507,2,3,2,1,1,2,2,2,2,1,1,1,"b","b","a","a","a","c","a","c","c","b"
"210",19956,2,3,1,2,2,2,2,2,1,1,1,2,"d","c","b","b","a","c","a","b","a","a"
"211",18839,2,4,1,2,1,1,2,2,1,1,1,2,"c","b","d","d","b","b","d","c","d","a"
"212",19736,2,4,1,1,2,1,2,1,2,1,2,1,"d","c","d","c","c","b","d","a","c","a"
"213",10787,2,4,1,1,1,1,2,1,1,1,2,1,"d","b","b","b","b","d","d","d","c","c"
"214",12094,2,4,1,1,1,1,2,2,2,1,1,1,"c","a","c","c","a","a","b","d","a","c"
"215",14511,2,4,1,2,2,2,2,2,1,2,1,2,"c","c","b","a","a","a","b","c","b","b"
"216",18072,2,4,1,2,1,1,2,1,1,2,1,2,"a","b","c","d","a","c","c","c","d","c"
"217",13613,2,4,2,1,2,2,1,1,2,1,2,1,"b","c","a","c","a","a","c","b","c","d"
"218",12428,2,4,1,2,1,1,2,1,2,2,1,1,"c","b","a","b","c","a","c","b","b","a"
"219",19464,2,4,1,1,2,1,2,2,2,1,1,2,"a","c","c","a","c","c","b","d","c","a"
"220",13793,2,4,2,2,2,1,1,2,1,2,1,1,"c","b","d","d","a","a","d","b","d","b"
"221",14744,2,4,1,1,2,2,2,1,1,1,1,1,"a","b","d","c","d","c","a","b","c","b"
"222",19141,2,4,2,2,1,2,1,2,1,1,1,2,"d","b","b","b","a","b","b","c","a","a"
"223",10010,2,4,1,1,1,1,2,1,2,1,1,2,"a","c","c","a","d","c","a","d","a","a"
"224",16779,2,4,1,2,2,2,2,1,1,2,2,1,"c","a","c","d","c","d","b","c","b","d"
"225",12678,2,4,1,2,2,2,1,1,1,1,1,2,"d","c","b","c","d","d","b","b","a","a"
"226",11434,2,4,2,1,2,1,1,2,1,1,2,1,"a","a","b","c","a","c","b","d","d","a"
"227",18411,2,4,1,2,1,1,1,1,1,2,1,2,"d","d","b","a","a","b","b","d","c","d"
"228",10704,2,4,1,2,1,1,2,1,1,2,1,2,"d","c","b","d","a","d","b","a","d","a"
"229",18613,2,4,2,1,2,1,2,2,2,1,2,1,"a","d","c","b","d","d","b","c","a","c"
"230",18202,2,4,2,2,2,1,1,2,2,2,2,2,"c","b","a","c","a","d","d","a","a","d"
"231",17366,2,4,2,1,1,2,2,2,2,1,1,1,"c","c","b","d","d","c","a","b","c","b"
"232",13081,2,4,2,2,1,1,2,2,1,2,1,2,"d","c","a","c","c","a","a","d","d","b"
"233",17999,2,4,2,1,2,1,2,2,1,2,1,2,"d","d","a","a","a","c","c","d","d","a"
"234",18391,2,4,1,1,2,2,2,2,1,2,1,1,"c","d","a","a","b","d","c","a","c","b"
"235",13736,2,4,1,1,2,2,1,2,1,2,2,1,"c","d","c","a","c","d","d","d","c","c"
"236",17634,2,4,1,1,1,2,1,1,1,2,2,1,"d","c","c","b","c","d","b","d","b","b"
"237",19428,2,4,2,2,1,2,1,1,1,1,1,1,"b","b","c","b","c","d","c","a","b","d"
"238",11643,2,4,2,1,1,1,2,2,2,2,1,2,"a","d","c","b","a","d","a","c","c","c"
"239",17100,2,4,2,2,1,1,2,2,1,2,1,2,"c","d","a","d","d","b","c","c","d","b"
"240",10437,2,4,1,2,1,1,1,2,2,2,2,1,"b","a","a","b","d","a","c","a","d","b"
"241",19107,3,1,2,1,2,2,2,1,2,2,1,2,"d","d","c","c","a","b","d","c","b","c"
"242",14182,3,1,2,1,2,1,2,2,2,2,2,2,"d","a","d","c","a","a","b","a","d","b"
"243",13897,3,1,2,2,1,1,1,2,1,1,1,1,"c","a","c","a","d","d","a","c","b","b"
"244",15036,3,1,2,2,2,1,1,1,1,2,1,2,"b","b","a","d","b","c","c","c","b","c"
"245",15156,3,1,2,1,1,2,1,1,2,1,2,1,"c","b","c","d","a","d","c","a","b","b"
"246",18830,3,1,1,1,1,2,1,2,2,2,2,2,"c","b","b","b","a","c","a","b","c","c"
"247",15990,3,1,2,2,1,1,2,2,2,1,1,2,"c","a","b","b","d","b","b","b","a","b"
"248",13660,3,1,2,1,1,1,2,1,1,1,1,2,"d","b","a","b","d","b","c","b","a","d"
"249",15688,3,1,1,1,1,2,1,1,2,1,2,2,"b","b","d","d","b","d","c","c","a","b"
"250",17036,3,1,2,1,1,1,2,2,1,1,1,1,"d","b","c","c","c","c","d","d","b","d"
"251",17664,3,1,2,1,2,1,2,2,1,1,2,2,"b","a","d","c","d","b","c","d","d","b"
"252",17260,3,1,1,2,2,2,1,1,2,2,1,2,"d","d","d","c","d","a","b","b","a","b"
"253",16912,3,1,2,1,2,2,2,1,1,1,1,1,"a","c","d","c","b","c","b","b","c","b"
"254",12259,3,1,1,1,2,2,1,1,1,2,2,1,"a","c","c","c","b","c","c","c","b","a"
"255",17702,3,1,1,2,1,2,2,1,2,2,1,1,"b","d","a","b","c","a","d","b","b","b"
"256",17066,3,1,1,2,1,2,1,2,2,1,2,2,"c","a","c","b","c","a","b","d","d","a"
"257",19571,3,1,2,1,2,2,2,1,1,2,1,1,"a","d","a","c","c","b","c","c","b","c"
"258",18888,3,1,1,2,1,2,2,2,1,2,2,2,"b","b","c","a","a","a","a","b","c","d"
"259",19406,3,1,1,1,2,1,1,2,1,2,2,2,"d","a","b","b","d","b","b","c","c","d"
"260",17709,3,1,2,1,1,1,2,2,2,2,2,2,"d","d","c","b","d","c","a","d","c","b"
"261",12939,3,1,1,2,2,1,2,1,1,2,1,2,"d","a","d","c","d","d","a","b","b","a"
"262",16069,3,1,1,1,2,2,2,2,2,1,1,1,"b","b","b","b","d","c","c","b","c","a"
"263",18080,3,1,2,1,1,2,1,1,1,2,2,2,"b","d","b","d","c","a","c","a","d","c"
"264",14289,3,1,2,1,2,2,1,2,2,2,2,1,"d","d","a","c","b","b","d","a","c","b"
"265",19620,3,1,1,1,1,1,1,2,1,1,2,2,"c","a","b","a","d","b","d","c","a","a"
"266",18135,3,1,2,1,2,2,2,2,1,1,1,2,"c","c","d","d","b","d","d","c","b","b"
"267",15966,3,1,2,2,1,2,2,1,1,2,1,1,"d","a","b","a","c","b","a","b","b","b"
"268",18121,3,1,1,1,1,1,1,1,1,2,1,2,"a","b","a","c","d","d","d","c","b","c"
"269",11189,3,1,1,2,2,2,2,2,2,2,2,2,"c","a","c","d","d","b","b","a","c","c"
"270",15289,3,1,2,2,2,2,2,1,2,1,1,2,"a","c","c","c","a","d","a","a","c","a"
"271",10198,3,2,2,2,2,1,1,2,1,2,2,2,"b","b","d","d","d","b","c","d","b","a"
"272",12740,3,2,2,2,1,1,2,2,1,1,1,1,"d","a","b","b","a","c","d","a","d","a"
"273",12972,3,2,2,1,1,2,2,2,2,1,2,1,"c","b","d","c","b","d","c","d","d","a"
"274",19530,3,2,2,2,2,2,2,1,2,1,2,2,"a","c","d","c","d","d","b","c","d","d"
"275",13869,3,2,2,1,2,1,1,2,2,2,2,1,"a","c","a","a","a","b","d","a","a","b"
"276",15715,3,2,1,1,2,2,1,1,1,1,1,1,"c","b","d","a","d","b","a","c","a","d"
"277",13113,3,2,2,1,2,1,1,1,2,2,2,1,"a","a","c","b","c","c","c","c","a","a"
"278",11124,3,2,2,1,2,1,2,1,1,2,2,2,"c","c","c","d","d","c","a","b","b","c"
"279",11681,3,2,2,2,2,2,1,1,1,2,1,2,"d","d","b","d","c","b","b","b","a","b"
"280",11667,3,2,1,2,1,2,1,1,1,2,2,1,"c","a","a","b","b","a","b","b","d","c"
"281",19237,3,2,1,2,1,2,1,2,1,1,1,1,"d","c","d","b","c","a","d","d","a","b"
"282",11650,3,2,2,2,1,2,2,2,1,1,2,2,"c","a","b","b","a","d","d","c","c","c"
"283",19801,3,2,2,2,1,1,2,2,1,2,2,2,"c","d","b","b","d","c","c","a","c","c"
"284",15493,3,2,2,2,1,2,1,1,2,1,1,1,"d","c","d","d","c","d","c","b","d","a"
"285",17622,3,2,2,1,2,2,1,2,2,2,1,1,"c","d","a","b","d","a","a","c","a","a"
"286",13652,3,2,1,1,1,1,1,2,1,2,1,1,"a","a","b","c","b","a","a","a","a","a"
"287",19778,3,2,2,2,1,1,2,2,1,1,2,2,"c","b","b","b","a","d","a","c","b","a"
"288",14957,3,2,2,1,1,2,1,2,2,1,2,1,"a","a","b","a","a","b","d","c","b","c"
"289",13051,3,2,2,1,2,1,1,2,1,1,2,1,"d","d","c","a","b","a","a","a","d","d"
"290",15654,3,2,1,1,2,2,2,1,1,2,2,1,"b","b","d","c","b","b","d","a","b","d"
"291",19972,3,2,2,2,2,2,2,1,2,2,1,1,"c","c","c","a","a","b","d","a","c","b"
"292",14489,3,2,1,1,2,1,2,1,1,1,2,2,"c","b","c","a","d","b","d","d","c","a"
"293",17015,3,2,1,1,2,1,1,1,1,1,1,2,"a","d","b","a","b","d","c","d","a","c"
"294",16982,3,2,2,1,1,1,1,1,2,1,2,1,"b","c","b","d","c","b","d","b","c","d"
"295",12432,3,2,1,2,1,1,1,1,2,2,2,2,"a","c","a","a","c","b","c","a","c","a"
"296",10289,3,2,1,1,1,2,1,2,1,2,1,1,"d","d","d","c","a","b","c","b","a","c"
"297",10421,3,2,2,1,1,1,2,1,2,1,1,1,"b","a","a","b","a","c","a","d","b","d"
"298",13934,3,2,2,1,1,2,2,2,2,1,1,1,"d","d","c","d","c","c","c","a","b","b"
"299",15213,3,2,2,1,2,1,1,1,1,2,1,2,"d","c","c","b","b","a","b","b","a","c"
"300",16207,3,2,1,1,2,2,2,1,1,1,2,2,"a","c","c","a","b","d","d","b","a","b"
"301",13777,3,3,2,1,2,2,2,2,1,2,1,2,"d","b","c","d","d","d","b","c","c","a"
"302",14197,3,3,2,1,1,1,1,2,2,1,2,1,"b","b","a","a","b","d","c","c","c","a"
"303",16217,3,3,1,2,2,1,1,1,1,2,2,1,"b","b","c","c","a","b","b","a","c","b"
"304",16624,3,3,2,1,2,1,1,2,2,2,1,1,"c","a","a","d","c","a","c","b","d","c"
"305",10442,3,3,1,1,1,2,1,2,2,1,2,2,"b","c","d","a","b","a","c","c","c","d"
"306",13276,3,3,2,2,2,2,1,1,2,1,2,2,"d","a","b","a","d","d","a","b","b","b"
"307",10536,3,3,2,1,2,1,2,2,1,2,1,1,"a","d","b","a","a","d","a","d","a","d"
"308",14981,3,3,2,2,2,1,2,2,2,2,1,1,"c","b","a","a","b","b","b","d","b","a"
"309",18104,3,3,1,1,1,2,2,2,1,2,1,2,"a","b","b","a","b","d","c","b","c","c"
"310",16742,3,3,2,2,1,1,2,1,1,2,1,2,"d","b","a","b","b","b","d","a","d","d"
"311",13960,3,3,2,1,2,1,2,1,2,1,2,2,"c","b","b","d","d","b","c","a","c","d"
"312",11006,3,3,1,2,1,1,1,1,2,2,2,1,"c","d","b","c","d","d","a","d","c","d"
"313",14680,3,3,2,2,1,2,2,1,1,2,2,1,"b","a","a","c","a","c","a","a","d","b"
"314",10510,3,3,2,1,2,1,1,2,1,1,2,1,"a","a","d","d","d","a","b","d","a","a"
"315",17024,3,3,1,2,1,2,2,2,2,2,2,1,"a","d","d","c","b","d","b","d","c","a"
"316",10424,3,3,2,2,2,2,1,1,1,2,2,2,"c","b","d","b","d","d","c","c","c","d"
"317",17489,3,3,2,1,1,2,1,2,1,2,2,2,"b","a","a","a","d","d","c","c","b","b"
"318",15906,3,3,1,1,1,1,2,1,1,1,2,1,"a","d","b","b","a","c","d","d","d","a"
"319",15786,3,3,1,2,1,1,1,1,2,2,2,1,"d","c","a","b","b","a","c","b","c","a"
"320",14622,3,3,2,1,1,2,2,2,2,2,1,1,"c","a","d","d","d","c","a","c","d","b"
"321",13424,3,3,2,2,1,1,1,1,2,1,1,1,"c","b","a","d","a","d","d","d","c","c"
"322",12691,3,3,1,1,1,2,1,2,2,1,2,1,"c","c","d","d","c","a","b","a","c","b"
"323",13805,3,3,1,1,1,2,2,1,2,2,1,2,"d","a","a","b","b","d","b","c","b","d"
"324",15176,3,3,1,2,1,2,1,1,2,1,2,1,"a","b","b","c","a","d","c","a","c","b"
"325",16987,3,3,2,1,2,1,2,2,2,2,2,2,"a","d","d","a","b","a","d","b","a","d"
"326",18103,3,3,1,2,2,2,1,1,1,2,2,1,"a","c","a","a","d","d","c","a","d","a"
"327",15060,3,3,2,2,2,2,2,2,1,2,2,1,"a","d","b","b","d","c","b","c","d","b"
"328",10730,3,3,2,1,1,2,1,2,2,2,2,1,"a","b","b","c","b","d","a","b","a","a"
"329",12120,3,3,1,2,1,2,1,1,2,1,2,2,"a","a","a","a","a","a","b","a","d","a"
"330",13166,3,3,1,1,1,2,2,1,2,2,2,1,"d","c","a","b","c","b","b","d","a","a"
"331",11663,3,4,2,2,2,2,2,2,1,1,2,1,"a","a","c","b","b","b","a","a","c","b"
"332",16065,3,4,1,2,1,1,1,2,1,1,1,2,"d","d","a","c","a","c","c","d","c","d"
"333",18662,3,4,2,1,2,1,1,2,1,1,1,2,"d","b","c","a","c","b","a","d","b","b"
"334",16819,3,4,1,1,1,1,2,1,1,1,2,2,"d","a","a","b","c","c","a","b","d","c"
"335",11484,3,4,1,1,1,2,1,1,2,1,2,1,"a","b","d","d","b","b","b","b","c","a"
"336",14422,3,4,2,2,2,1,2,1,2,2,1,1,"b","b","d","d","a","d","c","d","a","c"
"337",19809,3,4,2,2,1,1,2,2,2,2,1,1,"b","c","a","c","c","a","a","d","b","b"
"338",16568,3,4,2,1,2,1,1,2,2,1,2,1,"d","a","b","c","c","c","d","c","b","d"
"339",13958,3,4,2,2,2,1,1,2,2,2,1,2,"d","b","a","d","c","d","c","a","d","a"
"340",17085,3,4,2,1,2,1,2,2,2,2,2,1,"b","c","c","a","c","a","c","b","b","c"
"341",18213,3,4,1,1,1,1,1,2,1,1,1,1,"a","d","d","a","b","c","d","c","a","a"
"342",19063,3,4,2,1,1,1,1,2,2,2,2,2,"b","b","b","c","b","d","c","a","b","b"
"343",15761,3,4,1,1,1,1,2,1,1,2,2,1,"c","c","a","c","d","d","c","d","b","c"
"344",10402,3,4,2,1,1,2,1,1,1,1,2,1,"b","c","d","a","c","a","a","d","c","a"
"345",19284,3,4,1,2,1,2,1,1,1,2,2,2,"d","d","c","d","c","d","b","a","c","d"
"346",11258,3,4,1,1,2,1,2,1,2,1,1,2,"c","d","d","d","c","c","c","a","d","a"
"347",12770,3,4,1,1,1,2,2,1,2,2,2,2,"a","a","b","d","d","c","b","b","b","c"
"348",12370,3,4,1,2,1,2,2,2,1,1,2,1,"c","b","d","c","b","b","c","d","c","d"
"349",10627,3,4,2,2,2,2,1,1,2,2,2,2,"a","b","b","c","a","b","b","c","d","d"
"350",11789,3,4,1,2,1,1,1,2,2,1,1,2,"a","c","b","c","a","c","c","d","c","b"
"351",14501,3,4,2,1,2,1,2,1,1,1,1,2,"b","d","b","d","d","c","b","c","d","d"
"352",19533,3,4,2,1,2,1,2,2,2,1,1,2,"c","a","b","c","c","d","a","c","b","b"
"353",12245,3,4,2,2,2,2,2,2,2,2,1,2,"a","a","a","d","d","b","c","c","d","d"
"354",15516,3,4,1,2,2,2,1,2,2,1,2,1,"b","c","a","b","c","c","d","a","d","a"
"355",13411,3,4,2,1,2,2,1,2,1,2,1,1,"d","a","c","a","d","c","b","d","d","c"
"356",10834,3,4,1,2,1,1,1,2,1,1,2,1,"a","b","d","d","d","a","d","c","d","c"
"357",15450,3,4,2,2,1,1,1,2,2,1,1,1,"c","c","c","b","b","a","a","c","a","d"
"358",16348,3,4,1,1,1,1,1,2,2,2,2,2,"d","c","c","c","b","a","b","d","c","d"
"359",16753,3,4,1,1,1,2,2,2,1,1,2,2,"a","c","b","a","b","d","c","b","a","b"
"360",16610,3,4,1,2,1,1,2,1,1,1,2,1,"c","c","d","a","c","c","b","c","b","a"
"361",11704,4,1,2,2,2,1,1,1,1,1,1,1,"d","d","b","b","c","b","b","b","d","c"
"362",18043,4,1,2,2,1,2,1,1,2,1,2,2,"c","b","a","c","c","a","a","b","b","c"
"363",10772,4,1,1,1,2,2,1,1,2,1,2,2,"d","a","c","b","b","d","d","a","a","a"
"364",17303,4,1,2,2,2,2,1,2,1,2,1,2,"d","a","d","b","a","a","a","b","a","d"
"365",10927,4,1,1,2,2,2,1,1,1,1,1,2,"a","b","d","b","b","b","a","d","c","d"
"366",17551,4,1,2,1,2,2,1,2,1,1,1,2,"b","a","a","b","d","c","c","a","c","b"
"367",17319,4,1,1,2,2,1,2,2,2,1,1,1,"c","b","a","a","d","b","c","a","c","d"
"368",13735,4,1,1,1,2,1,2,1,2,1,2,2,"a","c","b","c","a","c","b","c","a","d"
"369",19992,4,1,1,2,2,2,2,1,2,1,1,2,"c","b","b","d","b","b","d","a","c","d"
"370",12066,4,1,2,1,2,2,1,2,1,2,2,2,"c","a","d","b","d","d","d","d","b","a"
"371",16691,4,1,1,2,1,2,2,2,1,2,1,2,"c","b","d","d","b","b","c","b","d","c"
"372",17152,4,1,1,1,2,2,2,1,2,1,1,2,"a","c","d","d","d","d","b","a","d","b"
"373",18323,4,1,1,2,2,1,1,2,1,2,2,1,"c","b","b","a","a","c","b","a","d","a"
"374",19902,4,1,1,2,2,1,2,1,2,2,2,2,"b","c","d","c","c","a","c","c","a","a"
"375",12202,4,1,1,2,1,1,2,1,1,2,2,2,"d","a","d","a","d","b","b","a","d","d"
"376",15155,4,1,1,1,2,1,2,2,2,2,1,2,"a","b","b","c","d","a","c","c","c","a"
"377",13392,4,1,2,1,2,1,2,2,1,2,2,2,"b","c","d","b","b","c","c","b","a","d"
"378",11486,4,1,2,1,2,2,1,1,2,1,2,2,"c","b","a","c","b","a","d","b","c","a"
"379",15099,4,1,2,1,1,2,2,1,1,2,1,2,"c","b","b","a","d","a","c","c","c","d"
"380",17070,4,1,2,2,2,1,1,2,2,1,1,2,"c","b","a","b","b","b","c","c","d","a"
"381",15168,4,1,1,1,1,1,2,2,2,2,2,1,"a","a","a","b","b","c","c","b","b","c"
"382",18113,4,1,1,2,2,2,1,1,2,1,1,2,"c","c","d","b","b","a","c","b","d","b"
"383",14715,4,1,2,1,1,1,1,2,2,1,2,2,"b","d","a","c","d","c","b","a","c","c"
"384",14800,4,1,1,1,1,2,2,2,1,1,2,2,"c","d","a","a","d","c","a","c","d","a"
"385",11862,4,1,1,1,2,2,1,1,1,2,2,2,"c","c","d","c","c","a","b","d","b","d"
"386",14265,4,1,2,1,1,2,1,2,2,1,2,2,"d","a","a","c","b","a","a","c","d","b"
"387",14505,4,1,2,1,1,2,1,1,2,1,1,2,"d","c","d","a","c","a","a","a","c","b"
"388",16070,4,1,2,2,2,2,1,2,2,2,2,2,"d","a","b","d","a","b","b","a","b","b"
"389",10487,4,1,2,2,2,1,1,1,1,1,1,2,"b","c","a","a","a","b","d","d","d","b"
"390",15039,4,1,1,1,2,2,2,2,1,1,2,1,"d","c","a","d","b","c","c","d","d","a"
"391",10806,4,2,2,1,2,1,1,2,2,2,1,1,"d","a","b","c","c","d","c","c","a","a"
"392",15957,4,2,2,1,2,2,1,2,1,1,2,1,"c","a","b","b","b","c","c","c","b","a"
"393",12926,4,2,1,1,2,1,2,1,1,2,2,1,"b","c","c","b","b","c","c","a","a","b"
"394",15178,4,2,2,2,2,2,2,1,2,1,1,2,"d","c","d","a","a","b","b","d","d","b"
"395",10438,4,2,2,2,1,1,2,2,1,2,1,1,"c","c","d","c","b","d","c","c","c","b"
"396",18197,4,2,2,2,2,2,2,1,2,2,2,2,"c","d","b","d","c","a","b","d","c","a"
"397",15416,4,2,1,2,1,2,2,2,2,2,1,1,"c","c","d","c","a","a","b","b","a","b"
"398",18036,4,2,1,2,1,1,1,2,1,1,2,2,"d","c","d","c","a","b","b","c","c","d"
"399",15020,4,2,1,2,2,1,1,1,2,2,1,1,"c","b","c","c","c","c","c","c","c","c"
"400",11128,4,2,2,2,2,2,1,2,2,2,2,1,"d","c","b","d","c","a","c","b","d","a"
"401",15932,4,2,2,2,2,2,1,1,2,1,1,1,"a","c","a","d","b","b","b","d","d","c"
"402",19556,4,2,2,1,1,1,2,1,2,1,2,2,"c","b","d","b","b","d","d","c","a","d"
"403",14305,4,2,2,1,2,2,2,2,2,1,1,2,"c","b","c","d","d","d","b","a","a","a"
"404",10206,4,2,1,1,1,1,1,2,1,1,2,1,"a","b","a","d","a","b","a","a","a","a"
"405",15876,4,2,2,2,1,2,1,2,1,2,1,1,"a","a","d","a","a","c","a","a","c","a"
"406",18288,4,2,2,1,2,1,2,2,1,2,2,1,"d","d","d","d","d","a","a","d","d","d"
"407",11071,4,2,1,2,1,2,2,1,1,1,2,1,"a","d","c","b","a","b","c","c","b","d"
"408",14389,4,2,2,1,1,1,2,2,2,2,2,2,"a","d","c","d","d","a","b","b","a","b"
"409",16123,4,2,1,1,2,2,2,2,1,1,1,1,"b","a","a","b","a","b","d","d","a","d"
"410",11060,4,2,1,2,2,1,1,1,2,1,2,2,"a","c","d","b","a","b","a","c","c","a"
"411",11051,4,2,1,2,2,1,1,2,2,2,1,2,"a","c","d","d","b","c","a","d","b","d"
"412",17596,4,2,1,1,2,1,2,2,1,1,2,1,"c","b","c","d","d","d","d","c","c","c"
"413",10931,4,2,2,1,2,1,2,2,1,1,2,2,"a","d","b","c","a","b","d","d","b","a"
"414",12315,4,2,2,1,2,1,2,2,2,2,1,2,"a","d","d","d","d","d","a","c","d","a"
"415",12205,4,2,1,1,2,2,1,2,1,2,1,2,"c","a","a","b","b","c","b","a","b","d"
"416",10622,4,2,1,2,2,1,2,1,2,2,2,1,"c","b","d","b","d","b","a","b","c","c"
"417",16050,4,2,2,2,1,2,2,1,1,2,2,1,"d","d","c","a","d","c","b","a","d","b"
"418",10576,4,2,1,1,1,2,2,2,1,2,1,2,"d","c","b","a","d","c","b","b","a","c"
"419",17908,4,2,1,2,2,2,1,1,2,2,2,1,"b","c","c","c","c","a","b","c","b","b"
"420",13549,4,2,1,2,1,2,1,1,2,1,1,2,"a","d","a","a","c","d","b","d","a","c"
"421",14654,4,3,2,2,2,2,1,1,1,1,1,1,"b","c","b","d","c","d","b","d","b","d"
"422",12077,4,3,2,1,2,1,1,2,2,2,2,1,"c","a","a","a","d","a","c","c","b","b"
"423",14630,4,3,1,1,1,1,1,1,2,2,2,1,"c","b","d","b","a","b","d","d","a","d"
"424",12792,4,3,2,2,1,2,2,2,2,1,2,2,"b","b","d","c","b","c","a","a","d","a"
"425",13837,4,3,2,1,1,2,2,1,1,1,2,2,"c","a","d","b","b","d","a","b","b","c"
"426",10598,4,3,2,1,2,2,2,2,1,2,1,1,"c","b","d","d","b","b","d","d","c","c"
"427",12707,4,3,1,2,2,1,1,1,2,2,1,2,"c","c","b","d","a","c","d","d","b","b"
"428",10275,4,3,1,2,1,1,1,1,2,2,2,2,"d","d","b","c","a","a","d","b","d","b"
"429",10337,4,3,2,1,2,1,1,1,1,2,2,1,"d","a","c","c","b","a","c","d","c","d"
"430",19877,4,3,1,1,2,1,2,1,1,1,1,2,"a","c","a","d","c","c","c","b","d","c"
"431",18239,4,3,1,1,1,1,2,2,1,2,2,1,"b","c","d","b","c","b","c","a","a","d"
"432",19130,4,3,1,2,1,1,2,2,1,1,2,1,"c","b","d","d","b","b","d","c","a","c"
"433",16028,4,3,1,1,1,2,2,2,1,1,1,1,"b","b","d","a","d","d","a","c","c","b"
"434",17721,4,3,1,2,2,1,2,2,2,1,1,1,"a","a","b","a","c","a","d","c","d","b"
"435",17200,4,3,1,1,2,2,1,1,2,1,1,2,"a","c","c","c","d","a","b","d","d","d"
"436",16359,4,3,1,2,1,2,1,1,2,1,1,2,"d","a","b","a","a","d","a","c","d","c"
"437",16391,4,3,1,1,2,1,1,1,1,2,1,1,"b","d","a","c","c","d","b","a","a","c"
"438",18442,4,3,2,2,2,1,2,2,2,1,1,1,"a","a","d","d","c","d","d","b","d","a"
"439",15056,4,3,1,2,1,2,2,1,1,2,1,2,"d","a","c","a","a","a","b","a","d","c"
"440",14366,4,3,2,2,1,1,2,2,2,1,1,1,"a","d","b","c","b","d","d","c","d","a"
"441",18478,4,3,1,2,1,2,2,1,1,1,1,1,"c","d","d","a","b","a","d","c","a","c"
"442",10981,4,3,2,1,2,2,1,1,2,1,2,2,"b","d","c","b","b","b","a","b","c","b"
"443",17514,4,3,2,1,1,2,2,2,2,2,2,2,"c","a","c","d","a","d","d","a","a","c"
"444",12530,4,3,1,2,1,1,2,1,2,2,2,2,"a","d","d","b","c","d","b","b","a","d"
"445",17654,4,3,2,2,1,2,1,1,1,1,2,2,"c","b","d","d","c","b","d","b","d","c"
"446",15619,4,3,2,2,2,1,2,1,1,1,2,1,"c","a","a","a","a","a","a","d","b","b"
"447",18814,4,3,2,1,2,1,2,1,2,1,1,2,"c","b","d","a","c","b","c","b","b","a"
"448",13635,4,3,2,1,2,2,2,1,2,2,2,2,"a","d","c","d","b","c","a","c","d","b"
"449",19965,4,3,2,2,2,2,1,2,2,2,2,2,"c","a","c","c","b","a","d","a","d","c"
"450",12160,4,3,2,1,1,1,1,2,2,2,1,2,"d","b","a","d","d","b","d","d","d","a"
"451",18062,4,4,1,1,2,2,2,2,2,2,1,2,"c","a","b","c","d","a","a","d","c","b"
"452",10789,4,4,2,2,2,1,2,2,2,2,1,2,"d","a","a","a","b","b","b","c","b","b"
"453",16550,4,4,2,2,1,1,2,1,1,1,1,1,"a","c","d","d","b","a","a","d","c","c"
"454",10746,4,4,1,2,1,1,2,2,1,2,2,2,"b","a","b","b","b","a","d","c","c","a"
"455",15998,4,4,2,2,2,2,2,2,1,2,2,2,"d","d","d","d","b","d","d","a","d","a"
"456",14317,4,4,2,2,1,1,1,2,1,1,1,2,"c","a","d","b","a","d","c","c","c","a"
"457",17127,4,4,2,2,2,2,1,1,1,1,1,1,"a","c","b","b","a","a","b","b","d","a"
"458",19416,4,4,2,2,2,2,1,2,1,1,1,1,"b","b","b","d","a","b","d","d","d","d"
"459",17255,4,4,1,1,2,2,1,2,1,1,1,2,"a","b","b","c","a","d","c","b","a","d"
"460",14484,4,4,1,2,1,2,1,2,1,2,2,2,"c","a","c","b","c","c","d","a","c","c"
"461",15524,4,4,1,2,2,2,2,2,1,2,2,2,"b","d","a","c","c","a","b","c","b","b"
"462",16067,4,4,1,1,2,2,2,2,1,1,2,1,"d","a","c","b","a","d","a","a","d","c"
"463",12911,4,4,1,1,1,1,2,1,1,1,2,1,"d","d","a","b","d","c","c","d","a","b"
"464",17404,4,4,1,1,1,1,2,1,1,1,1,1,"a","a","a","a","b","a","a","b","a","b"
"465",18376,4,4,2,2,2,1,1,2,2,2,1,2,"d","b","c","d","c","d","b","c","c","c"
"466",17184,4,4,1,1,2,1,1,2,1,2,2,2,"a","d","a","d","a","c","d","c","a","b"
"467",19752,4,4,2,2,1,1,2,2,2,1,1,1,"c","d","b","a","c","d","b","d","a","c"
"468",11341,4,4,2,2,2,1,1,1,1,1,2,2,"a","d","a","d","c","c","d","c","b","d"
"469",11621,4,4,2,2,1,1,1,1,2,1,2,1,"d","b","b","c","a","c","c","c","d","a"
"470",16799,4,4,2,1,1,2,1,2,1,2,2,2,"a","d","a","b","b","d","d","c","b","c"
"471",19918,4,4,1,2,1,2,1,2,2,2,2,1,"c","d","d","b","b","c","d","b","b","a"
"472",10041,4,4,2,2,1,1,2,1,2,2,2,2,"d","d","d","c","d","c","c","c","d","d"
"473",15874,4,4,1,1,1,1,2,1,1,2,1,2,"b","b","b","b","c","b","a","a","a","c"
"474",15055,4,4,2,1,2,1,2,2,2,1,1,2,"c","d","a","c","d","c","b","c","c","c"
"475",15581,4,4,1,2,2,2,1,1,1,2,1,1,"a","d","a","d","d","a","b","b","c","b"
"476",19997,4,4,1,1,1,1,1,1,1,1,1,2,"b","a","c","d","a","a","c","a","d","b"
"477",13653,4,4,2,2,1,2,1,2,1,1,2,2,"c","d","b","d","d","d","d","a","c","a"
"478",11898,4,4,2,1,1,2,1,1,2,1,1,2,"a","a","c","c","a","b","b","d","d","d"
"479",10388,4,4,2,2,2,1,1,1,2,1,2,2,"c","b","a","b","c","b","a","c","b","b"
"480",11517,4,4,2,2,2,1,2,1,1,1,1,1,"c","a","a","a","d","c","d","b","b","a"
"481",15105,5,1,1,2,2,1,2,1,2,2,1,2,"b","d","a","b","b","b","b","c","b","d"
"482",15912,5,1,1,1,2,2,1,2,1,2,1,2,"b","c","c","a","c","c","d","a","b","b"
"483",13344,5,1,2,1,1,1,1,1,2,1,2,1,"d","a","c","d","d","d","c","d","b","d"
"484",17509,5,1,2,1,1,2,2,2,1,1,1,2,"c","b","b","d","b","a","d","c","a","b"
"485",19922,5,1,1,2,1,2,1,2,1,1,1,1,"a","d","c","d","a","d","a","a","d","a"
"486",14578,5,1,1,2,2,2,2,2,2,2,2,2,"d","c","a","a","b","c","d","c","b","a"
"487",19995,5,1,2,2,2,1,1,2,1,2,2,2,"b","c","c","a","d","d","c","b","c","b"
"488",10220,5,1,1,2,1,2,2,1,1,2,2,1,"d","c","b","c","a","a","b","c","d","b"
"489",18371,5,1,1,1,2,1,1,2,1,1,1,1,"b","b","a","b","d","c","d","a","c","c"
"490",18410,5,1,2,1,2,2,2,1,2,2,1,1,"c","d","d","c","b","b","a","b","b","a"
"491",16407,5,1,2,2,1,1,2,1,1,2,2,1,"c","b","d","b","d","b","c","b","a","a"
"492",17280,5,1,2,1,2,1,2,2,2,2,1,2,"c","d","c","b","c","b","a","d","d","d"
"493",12575,5,1,2,1,2,2,2,1,1,1,2,2,"a","b","d","c","c","a","a","a","d","a"
"494",11928,5,1,1,1,2,1,1,2,1,1,2,1,"b","c","a","b","a","a","c","d","d","a"
"495",15592,5,1,2,1,1,1,2,1,1,1,2,1,"a","c","b","b","a","a","a","c","d","b"
"496",12679,5,1,2,1,1,1,1,2,2,2,1,1,"d","b","b","a","d","c","a","d","a","d"
"497",19144,5,1,2,1,2,2,1,2,2,2,1,2,"d","b","c","a","d","d","a","c","d","c"
"498",16400,5,1,1,2,2,1,2,2,2,1,2,2,"c","b","a","a","d","b","a","a","a","c"
"499",14634,5,1,2,1,2,1,2,2,2,2,2,2,"b","b","b","d","b","d","c","c","a","d"
"500",19383,5,1,2,1,2,1,1,1,1,1,1,1,"c","a","a","b","a","b","a","d","b","c"
"501",16566,5,1,2,2,1,2,1,1,1,1,2,1,"a","b","b","a","d","a","c","b","c","b"
"502",18467,5,1,2,1,1,1,1,2,1,2,2,2,"b","a","c","c","b","d","a","b","c","c"
"503",18571,5,1,1,2,2,1,1,2,1,1,1,2,"b","d","a","a","c","b","d","c","c","d"
"504",18750,5,1,2,2,2,1,2,2,1,1,1,2,"c","d","b","d","b","c","c","d","a","b"
"505",14731,5,1,1,1,2,1,1,1,2,1,1,2,"b","c","d","c","d","a","c","d","c","c"
"506",18289,5,1,2,1,1,1,1,1,2,2,2,2,"b","b","b","a","b","c","d","d","c","d"
"507",15291,5,1,2,2,2,1,2,2,1,2,2,1,"d","b","c","c","b","b","d","b","d","d"
"508",11242,5,1,1,2,1,2,1,2,1,1,1,1,"a","d","d","c","b","a","a","d","d","d"
"509",19859,5,1,1,2,2,1,2,2,1,2,2,2,"b","c","b","b","a","c","c","a","c","d"
"510",16173,5,1,2,1,1,1,2,1,1,1,1,1,"c","a","a","b","a","c","b","a","b","a"
"511",18232,5,2,2,1,2,1,2,1,1,1,2,2,"b","a","d","a","d","c","b","c","a","a"
"512",14632,5,2,1,1,1,1,1,2,2,1,2,1,"d","b","c","b","b","d","b","a","d","d"
"513",11680,5,2,1,1,1,1,1,2,1,2,2,2,"b","d","b","c","c","b","c","c","d","c"
"514",19378,5,2,2,1,1,1,2,2,1,2,1,2,"b","a","c","d","c","b","b","c","a","b"
"515",10957,5,2,1,1,1,1,2,1,1,1,1,1,"a","d","c","a","b","b","a","c","a","c"
"516",19087,5,2,2,1,1,1,2,2,1,2,1,1,"b","c","c","d","a","b","b","b","a","a"
"517",11539,5,2,1,1,1,1,1,2,2,2,2,2,"b","b","a","a","a","b","b","b","b","c"
"518",15721,5,2,2,2,1,1,1,1,2,1,2,2,"c","d","c","d","d","b","b","b","d","b"
"519",19503,5,2,1,2,2,1,2,2,1,1,2,1,"a","d","d","b","a","d","d","c","c","d"
"520",13801,5,2,1,1,1,2,2,1,1,2,1,1,"a","a","c","c","c","c","b","b","d","b"
"521",12031,5,2,1,2,2,1,1,2,2,1,1,2,"d","a","c","b","b","c","c","d","b","b"
"522",19389,5,2,1,1,1,2,1,1,2,1,2,2,"d","a","d","c","c","c","d","b","a","c"
"523",18364,5,2,1,2,1,2,1,2,1,1,1,1,"b","a","d","d","c","b","c","d","d","a"
"524",14954,5,2,2,1,2,1,2,2,1,1,1,1,"a","b","a","c","b","c","c","c","a","c"
"525",10467,5,2,2,2,2,2,1,2,2,1,1,1,"c","b","b","c","d","c","d","b","b","d"
"526",17980,5,2,1,2,2,1,2,1,1,2,1,2,"d","a","a","b","c","b","c","a","c","d"
"527",16384,5,2,2,2,1,1,1,1,1,1,1,1,"d","a","d","d","c","b","d","b","a","a"
"528",17259,5,2,1,1,2,1,2,1,1,2,1,2,"b","c","b","b","b","c","a","c","d","a"
"529",13376,5,2,2,2,2,1,2,2,1,2,2,2,"c","c","a","b","d","d","c","c","b","a"
"530",14442,5,2,1,2,1,2,2,2,2,2,2,1,"b","b","d","b","c","c","d","b","a","b"
"531",13251,5,2,1,1,2,2,2,2,2,2,2,2,"b","b","d","d","b","a","d","b","b","d"
"532",11456,5,2,2,1,2,2,1,1,1,2,1,2,"c","d","d","b","a","b","b","a","a","a"
"533",13704,5,2,1,1,1,1,2,1,2,2,2,2,"c","b","b","d","d","d","d","a","b","d"
"534",12295,5,2,2,1,2,1,1,2,2,1,1,2,"b","c","b","b","b","d","d","a","a","c"
"535",17767,5,2,1,2,1,1,2,1,1,1,1,1,"b","d","b","c","a","d","b","d","a","a"
"536",15794,5,2,2,2,1,1,1,2,2,1,2,2,"d","d","c","d","c","d","b","c","c","a"
"537",12865,5,2,1,1,2,2,2,2,2,1,1,1,"c","d","c","d","c","c","d","a","a","a"
"538",14444,5,2,1,2,2,2,1,2,2,2,1,1,"b","a","d","a","c","a","b","a","a","a"
"539",13959,5,2,2,1,1,2,2,2,1,1,2,2,"b","b","a","d","b","c","a","c","d","b"
"540",11926,5,2,2,1,1,2,2,1,1,1,1,1,"c","b","b","b","d","b","b","d","d","d"
"541",10614,5,3,2,1,2,1,2,2,1,1,2,2,"c","c","a","b","d","d","c","a","a","d"
"542",12107,5,3,2,1,1,1,2,2,2,1,2,2,"c","d","d","d","b","c","b","a","b","b"
"543",13449,5,3,2,1,2,2,2,2,1,1,2,1,"b","d","b","a","b","b","b","c","a","c"
"544",14012,5,3,2,2,2,2,1,2,1,2,1,2,"c","b","d","d","b","c","a","b","d","b"
"545",10203,5,3,1,2,2,1,1,2,1,1,1,1,"b","d","d","c","b","d","d","c","c","a"
"546",10214,5,3,2,2,2,2,2,1,1,1,1,2,"a","c","d","d","d","a","d","b","c","a"
"547",13870,5,3,1,2,1,1,1,2,2,2,2,1,"b","d","a","c","d","b","d","d","c","b"
"548",17687,5,3,2,2,2,1,1,1,1,1,1,2,"a","a","a","c","c","b","d","c","b","c"
"549",19949,5,3,1,1,2,2,1,2,1,1,2,2,"b","d","b","a","b","c","c","c","a","a"
"550",14577,5,3,1,1,1,2,2,1,2,2,1,2,"d","c","b","c","b","c","b","c","c","d"
"551",18565,5,3,2,2,2,2,2,1,1,1,2,1,"a","b","c","d","d","c","d","b","b","c"
"552",16575,5,3,1,1,2,2,2,2,2,2,2,2,"c","b","d","d","c","b","d","d","a","c"
"553",19572,5,3,2,2,2,1,1,1,2,1,2,2,"a","c","c","b","d","b","a","a","c","a"
"554",17065,5,3,2,2,1,2,2,2,1,2,2,1,"a","d","a","c","d","c","a","c","c","c"
"555",10393,5,3,2,1,1,2,1,2,1,1,1,1,"c","a","a","a","a","a","d","c","d","c"
"556",14939,5,3,1,1,1,2,2,2,1,2,1,2,"d","b","a","c","a","a","b","a","d","c"
"557",12078,5,3,1,2,1,2,1,1,1,1,1,2,"b","d","c","d","a","b","d","d","a","a"
"558",12789,5,3,1,2,2,1,2,1,2,1,1,2,"b","a","b","d","a","a","d","c","b","b"
"559",18916,5,3,2,1,2,2,2,1,2,2,2,2,"d","d","b","d","d","d","d","c","c","c"
"560",11828,5,3,2,2,1,2,2,1,2,1,1,1,"a","a","c","a","b","a","d","d","a","d"
"561",16470,5,3,1,1,2,1,1,2,1,2,1,1,"d","a","a","b","d","b","a","c","a","b"
"562",13355,5,3,1,2,2,2,2,1,1,2,1,1,"a","d","d","b","b","a","d","d","b","c"
"563",17910,5,3,1,2,2,1,2,2,1,1,1,2,"c","a","d","a","c","d","b","a","a","a"
"564",18130,5,3,1,2,2,2,1,2,2,2,1,2,"a","b","c","b","b","c","c","d","a","a"
"565",13812,5,3,1,1,1,1,1,2,1,2,1,2,"a","d","d","a","a","c","c","c","c","b"
"566",19426,5,3,1,1,2,1,2,2,2,1,1,1,"a","b","b","b","a","c","a","d","a","c"
"567",16771,5,3,2,1,1,1,2,2,2,1,1,2,"d","b","d","a","d","a","d","d","b","c"
"568",18956,5,3,2,2,1,2,1,2,2,1,2,1,"c","b","d","c","a","d","d","a","b","a"
"569",12442,5,3,2,2,1,1,1,1,1,2,2,2,"a","b","a","d","d","a","c","d","a","c"
"570",19773,5,3,2,1,1,2,2,1,1,1,1,2,"d","a","b","d","c","c","a","c","c","c"
"571",10549,5,4,1,2,1,1,1,1,2,1,1,1,"d","b","d","c","b","d","b","a","c","c"
"572",16813,5,4,2,1,2,2,2,2,1,2,1,2,"c","d","a","c","a","b","c","a","d","d"
"573",17471,5,4,1,2,2,1,2,2,1,2,1,2,"b","d","b","d","a","c","d","d","a","d"
"574",19609,5,4,1,2,1,2,1,2,2,2,2,1,"c","a","a","d","a","d","b","d","b","a"
"575",18447,5,4,2,2,1,2,2,1,1,2,2,1,"d","a","b","b","c","a","a","c","d","a"
"576",19505,5,4,1,2,1,1,2,1,1,2,1,1,"d","d","b","b","d","b","c","d","a","b"
"577",15279,5,4,1,2,2,2,1,1,1,2,2,2,"d","b","b","d","b","b","c","a","a","b"
"578",10635,5,4,2,2,1,2,1,2,1,2,1,1,"d","c","b","c","d","a","b","d","c","b"
"579",15089,5,4,2,1,2,2,2,1,1,1,1,2,"a","a","b","a","b","d","b","c","c","a"
"580",11313,5,4,2,1,1,1,1,1,2,2,2,1,"d","a","a","b","c","a","b","d","c","d"
"581",19332,5,4,1,2,2,1,1,2,1,1,1,1,"c","d","a","a","b","d","a","d","b","a"
"582",13242,5,4,2,2,1,2,1,1,1,2,1,1,"c","b","c","b","d","c","b","c","c","a"
"583",14221,5,4,1,2,2,2,2,1,1,2,2,2,"a","b","c","c","c","a","d","c","b","d"
"584",11264,5,4,2,2,2,1,1,1,1,2,1,1,"d","c","c","b","b","b","a","a","c","b"
"585",11133,5,4,1,2,1,1,1,2,1,2,2,1,"b","d","a","b","c","c","a","d","c","b"
"586",19799,5,4,1,2,1,1,1,1,1,1,1,2,"c","b","c","a","a","b","a","a","c","b"
"587",12749,5,4,1,1,1,2,1,2,2,1,1,1,"d","d","c","b","a","b","c","d","d","b"
"588",17476,5,4,1,1,1,1,1,2,2,1,2,2,"c","c","c","a","c","b","b","d","b","c"
"589",16486,5,4,2,2,1,1,1,1,1,1,1,1,"b","d","c","c","d","d","d","d","c","d"
"590",19412,5,4,2,2,2,2,2,2,2,1,1,1,"a","b","d","b","c","c","d","a","a","d"
"591",10863,5,4,1,2,2,2,2,1,1,1,2,1,"b","d","b","d","b","c","b","c","c","b"
"592",19409,5,4,2,1,2,2,2,2,2,2,2,1,"b","c","c","a","c","b","c","a","a","c"
"593",17982,5,4,2,1,1,2,2,1,2,1,1,2,"d","a","a","a","c","c","b","c","c","d"
"594",11238,5,4,2,1,1,1,1,1,2,1,1,1,"b","d","a","c","b","b","a","a","d","b"
"595",11471,5,4,1,1,2,2,2,1,1,1,1,2,"a","c","c","c","a","d","d","c","b","d"
"596",12688,5,4,2,1,1,1,1,2,1,2,1,2,"d","c","a","a","b","d","c","c","c","b"
"597",15703,5,4,2,1,1,1,1,1,1,1,2,1,"b","a","a","d","a","a","d","a","b","c"
"598",18817,5,4,1,1,1,1,1,1,2,2,2,2,"c","d","a","c","b","d","a","c","c","d"
"599",12307,5,4,1,2,1,2,1,1,2,2,1,1,"a","b","d","a","c","a","a","d","b","b"
"600",12884,5,4,2,2,1,1,2,1,1,2,2,1,"b","a","d","a","a","c","c","b","b","c"
"601",13197,6,1,2,1,2,2,2,2,1,2,2,1,"c","d","d","b","b","c","c","a","d","c"
"602",15405,6,1,2,1,1,2,1,2,2,1,1,2,"d","c","b","a","d","d","a","d","a","c"
"603",17297,6,1,2,1,2,2,2,2,1,2,2,1,"c","c","c","c","d","d","a","c","b","b"
"604",19940,6,1,2,2,1,2,1,2,2,2,1,2,"d","d","c","c","d","a","a","a","c","b"
"605",10153,6,1,2,2,2,2,2,1,2,2,1,2,"d","a","a","b","b","b","d","a","b","a"
"606",17411,6,1,2,1,2,1,2,2,2,2,1,2,"a","d","d","a","b","a","a","d","b","d"
"607",17089,6,1,2,1,2,2,1,2,2,2,2,2,"b","c","a","c","a","b","b","b","c","c"
"608",12993,6,1,1,1,2,1,2,2,2,1,1,2,"d","a","a","b","a","a","d","a","a","b"
"609",12579,6,1,2,1,2,1,2,1,1,2,1,1,"c","d","b","c","d","b","c","c","d","d"
"610",14663,6,1,2,1,2,2,2,1,2,2,1,1,"d","b","b","c","b","d","b","b","b","a"
"611",18584,6,1,1,2,2,2,1,2,1,1,2,2,"d","b","a","b","c","b","c","c","b","c"
"612",18602,6,1,1,1,1,1,1,2,1,2,1,1,"b","b","c","d","d","d","b","a","d","a"
"613",13850,6,1,2,2,1,1,2,1,1,1,1,2,"d","d","d","a","a","a","c","a","d","a"
"614",16920,6,1,1,1,2,2,2,1,1,2,1,1,"c","b","c","a","a","d","c","d","a","a"
"615",17642,6,1,2,2,2,1,2,1,2,1,2,2,"c","b","d","c","a","d","b","c","d","b"
"616",16848,6,1,1,1,2,2,2,2,2,2,1,2,"d","d","b","a","d","c","b","a","d","d"
"617",12979,6,1,1,1,1,2,1,1,2,1,2,1,"c","c","b","c","d","b","b","c","b","a"
"618",19131,6,1,1,1,2,2,1,1,1,2,2,1,"c","d","b","c","d","a","c","d","a","c"
"619",19006,6,1,1,1,1,2,1,1,2,2,2,1,"b","a","b","c","b","a","a","d","d","a"
"620",11334,6,1,2,2,2,2,1,2,1,2,1,1,"a","a","b","c","a","d","c","b","c","c"
"621",17861,6,1,1,1,1,2,1,2,2,1,2,2,"a","c","a","c","b","a","d","d","c","a"
"622",19681,6,1,2,2,2,2,2,1,1,2,2,1,"c","b","b","d","d","b","b","d","c","b"
"623",11949,6,1,2,1,2,1,1,1,1,2,2,1,"c","c","b","c","a","a","b","a","a","c"
"624",14700,6,1,2,1,1,2,1,2,2,1,2,2,"c","d","a","a","d","a","a","c","a","a"
"625",13593,6,1,1,1,1,1,1,2,1,1,2,2,"b","a","a","b","d","d","a","b","d","a"
"626",14022,6,1,2,2,2,1,1,1,2,1,1,1,"c","d","a","c","c","d","b","d","a","c"
"627",15642,6,1,2,2,1,2,2,2,1,1,2,2,"c","d","b","c","a","d","a","a","c","c"
"628",10372,6,1,2,2,2,1,2,2,2,2,1,2,"b","a","d","c","b","b","d","b","a","c"
"629",10102,6,1,1,2,2,1,2,1,2,2,2,1,"a","a","c","a","c","a","d","c","b","c"
"630",12019,6,1,1,2,1,2,2,1,2,2,1,2,"c","b","b","a","b","c","a","c","c","c"
"631",19197,6,2,2,1,2,1,2,2,2,2,1,2,"c","b","b","c","d","a","d","c","b","a"
"632",14352,6,2,1,2,1,2,1,1,2,2,2,1,"c","a","d","a","b","a","d","d","d","a"
"633",10797,6,2,2,2,1,1,1,2,2,2,1,1,"b","a","c","c","d","a","d","c","c","d"
"634",12569,6,2,2,1,2,2,2,1,2,2,1,1,"c","d","b","a","c","d","d","a","c","a"
"635",19750,6,2,2,2,1,1,1,2,2,2,2,1,"b","b","b","a","c","d","d","b","a","d"
"636",17597,6,2,2,1,2,1,1,2,2,1,2,2,"a","d","b","c","d","d","d","d","a","c"
"637",10891,6,2,1,1,2,2,1,2,2,2,2,1,"d","b","a","d","c","a","a","c","d","d"
"638",16632,6,2,1,1,1,1,1,1,2,1,2,2,"c","b","a","a","b","b","d","b","a","b"
"639",16337,6,2,2,2,2,1,1,1,2,1,2,2,"d","c","a","d","a","a","d","b","a","a"
"640",13552,6,2,1,1,1,1,2,2,2,2,1,1,"d","d","b","d","c","d","c","b","c","c"
"641",10710,6,2,1,2,1,2,1,1,1,1,1,2,"d","b","a","d","c","c","a","a","d","c"
"642",16351,6,2,1,1,1,2,1,1,1,2,2,1,"d","a","c","d","c","a","d","b","a","a"
"643",18847,6,2,1,2,2,1,1,2,1,2,2,2,"d","a","c","a","a","d","b","b","a","c"
"644",19860,6,2,1,1,2,2,1,2,2,1,1,1,"a","d","c","d","c","c","b","b","d","a"
"645",15910,6,2,2,1,2,1,2,1,2,2,2,1,"a","b","c","c","a","d","b","a","b","a"
"646",12366,6,2,1,2,2,2,2,1,1,1,1,1,"c","b","a","d","c","a","b","d","d","c"
"647",13769,6,2,2,1,2,1,2,2,1,2,2,2,"b","d","a","d","a","d","c","a","a","c"
"648",16614,6,2,1,2,1,2,1,2,1,2,2,1,"d","a","c","b","a","c","b","a","a","b"
"649",19497,6,2,1,2,2,1,2,2,1,2,1,2,"d","d","d","b","d","a","b","c","d","a"
"650",14354,6,2,2,1,1,1,2,2,1,1,2,2,"a","a","d","d","c","d","d","a","b","d"
"651",17131,6,2,2,1,1,2,1,1,2,1,2,1,"c","d","b","d","b","c","c","d","c","c"
"652",13218,6,2,2,2,2,1,1,2,2,1,2,2,"a","b","a","d","a","b","c","a","c","d"
"653",11661,6,2,2,2,1,1,2,2,2,1,1,1,"d","a","d","d","a","a","d","c","d","d"
"654",18472,6,2,2,2,1,2,1,2,1,2,1,1,"d","d","a","c","d","c","d","d","c","c"
"655",15144,6,2,2,2,1,1,1,1,1,2,2,1,"b","b","d","b","d","b","d","b","b","b"
"656",12248,6,2,1,2,2,2,1,1,1,2,1,1,"b","c","c","d","a","c","c","b","a","d"
"657",14474,6,2,2,1,1,2,2,2,1,2,1,1,"d","b","a","d","c","d","c","a","c","a"
"658",11899,6,2,1,2,2,2,2,2,1,1,1,1,"b","b","a","a","d","b","d","d","c","a"
"659",16077,6,2,1,2,2,1,1,1,1,2,2,2,"a","d","d","d","b","c","c","b","d","c"
"660",14644,6,2,2,2,1,2,1,2,1,2,2,1,"d","b","d","d","d","a","c","a","b","b"
"661",14066,6,3,1,2,1,1,1,1,2,2,1,2,"c","c","c","d","d","d","d","c","a","c"
"662",16373,6,3,1,1,1,1,1,1,1,2,2,2,"c","d","d","a","c","d","a","a","c","a"
"663",16601,6,3,2,2,1,2,2,1,2,1,1,2,"b","c","a","d","c","b","c","b","d","c"
"664",11428,6,3,1,2,2,2,1,2,2,1,2,2,"c","a","b","a","c","c","a","d","b","c"
"665",10441,6,3,1,2,1,1,1,2,1,2,2,2,"b","c","b","d","d","a","c","a","c","c"
"666",16514,6,3,2,1,2,1,1,1,2,1,2,1,"a","a","d","d","d","c","d","a","b","a"
"667",18792,6,3,1,2,1,2,1,2,2,1,2,1,"b","a","d","a","b","c","b","d","d","b"
"668",12439,6,3,1,2,1,1,2,2,1,2,2,1,"b","c","b","a","b","c","c","b","a","d"
"669",10600,6,3,2,2,1,2,1,2,1,1,1,2,"c","c","d","a","d","b","c","a","c","c"
"670",12164,6,3,1,1,2,1,1,2,2,1,1,2,"d","b","a","b","a","b","a","a","c","a"
"671",18537,6,3,1,2,2,1,2,1,1,2,1,2,"a","b","c","b","a","c","b","c","c","c"
"672",14934,6,3,1,1,2,2,2,1,2,2,2,1,"b","a","a","b","c","d","d","a","a","c"
"673",19515,6,3,2,1,2,2,2,2,1,1,2,2,"d","a","b","d","a","d","b","d","d","d"
"674",19324,6,3,1,2,1,2,2,2,2,1,1,2,"a","c","a","b","d","b","d","c","c","a"
"675",17226,6,3,1,1,1,1,2,2,1,2,2,2,"b","a","b","b","d","c","a","b","c","d"
"676",11985,6,3,1,1,1,2,1,1,1,2,2,2,"c","d","b","c","b","c","c","a","d","a"
"677",17643,6,3,2,2,1,2,2,1,1,1,1,1,"c","a","d","c","b","a","d","a","a","d"
"678",12630,6,3,1,2,1,1,2,2,1,2,1,1,"c","d","c","b","a","c","a","d","a","a"
"679",15647,6,3,1,1,1,2,2,1,1,1,1,2,"d","a","b","b","d","a","c","d","d","d"
"680",14024,6,3,2,2,1,1,1,2,1,1,1,1,"d","c","b","b","b","a","d","c","a","a"
"681",10076,6,3,1,1,2,1,2,1,2,2,2,1,"b","c","a","b","d","d","a","a","a","d"
"682",10954,6,3,1,2,2,1,2,1,2,2,1,1,"d","a","a","a","c","c","a","b","c","c"
"683",11191,6,3,2,2,2,1,1,2,2,1,1,2,"a","d","d","d","d","b","a","c","c","b"
"684",16286,6,3,2,1,2,2,2,1,1,2,2,1,"b","d","d","b","b","c","b","a","c","c"
"685",11301,6,3,1,2,1,2,2,2,1,2,2,2,"b","c","c","a","d","b","c","a","c","d"
"686",15709,6,3,1,1,2,2,2,2,1,2,1,1,"a","c","c","c","d","a","c","a","b","b"
"687",17154,6,3,1,2,1,1,2,1,1,1,2,1,"d","d","a","d","b","d","d","d","b","d"
"688",11398,6,3,2,1,1,2,1,1,1,2,1,2,"d","c","d","d","a","d","a","c","c","c"
"689",18688,6,3,1,2,1,2,1,1,1,2,1,1,"b","d","c","d","b","c","d","a","b","c"
"690",15918,6,3,2,1,2,1,2,1,2,1,1,1,"d","b","c","d","a","d","d","d","b","d"
"691",19839,6,4,1,2,2,1,1,1,1,1,1,1,"d","b","c","b","c","d","c","b","a","c"
"692",14823,6,4,2,1,2,2,1,2,1,2,1,1,"c","a","b","c","c","d","c","d","d","d"
"693",18006,6,4,2,1,1,1,1,2,2,1,1,2,"c","c","b","d","c","b","c","d","c","c"
"694",13623,6,4,1,1,1,1,1,1,1,1,2,2,"c","c","d","c","a","c","b","a","b","c"
"695",14394,6,4,1,1,2,1,2,1,2,2,2,1,"c","d","c","c","d","d","c","a","d","b"
"696",11426,6,4,2,1,2,2,2,2,2,2,1,2,"b","b","a","c","b","b","c","d","a","b"
"697",19361,6,4,1,2,2,2,1,2,1,1,1,1,"d","c","a","c","b","b","c","a","c","c"
"698",12448,6,4,2,1,1,1,1,2,2,1,1,2,"c","d","c","c","d","a","a","a","c","c"
"699",18369,6,4,2,1,2,1,2,2,1,1,2,2,"c","a","b","a","a","b","a","c","a","a"
"700",13270,6,4,2,1,1,2,1,2,1,2,1,1,"a","b","d","d","d","a","a","c","c","d"
"701",19939,6,4,1,1,1,2,1,2,1,1,2,2,"d","a","c","d","d","a","c","b","a","c"
"702",18845,6,4,2,1,2,1,1,1,2,2,2,1,"b","a","b","b","a","b","b","c","d","d"
"703",12923,6,4,2,1,2,1,1,1,1,2,1,2,"d","b","b","b","b","b","d","b","d","b"
"704",13627,6,4,2,2,1,1,1,2,2,1,2,1,"d","b","a","d","a","a","b","c","d","b"
"705",11371,6,4,1,1,2,1,1,1,1,1,2,1,"b","d","d","a","a","c","b","c","c","a"
"706",12618,6,4,1,1,2,2,1,2,2,1,1,2,"a","a","a","b","b","b","c","a","d","c"
"707",19970,6,4,2,1,2,1,2,1,1,1,1,1,"b","a","d","d","c","a","b","c","c","a"
"708",14952,6,4,2,2,2,1,2,2,1,2,1,2,"d","a","a","c","a","c","a","b","b","d"
"709",10315,6,4,2,2,2,2,2,1,2,2,2,2,"c","c","b","b","d","d","d","d","d","a"
"710",17052,6,4,2,1,2,2,2,1,1,2,1,2,"a","d","c","a","b","a","d","c","b","a"
"711",14688,6,4,1,2,2,2,1,2,1,1,1,1,"c","d","b","c","a","c","c","a","a","c"
"712",18835,6,4,2,2,1,2,2,2,2,1,1,1,"d","c","d","c","d","a","d","b","b","d"
"713",19391,6,4,1,1,1,2,1,1,2,2,1,2,"c","a","a","c","a","b","d","b","b","a"
"714",12924,6,4,2,1,1,2,2,2,2,1,2,1,"a","c","c","d","b","b","a","d","a","c"
"715",11140,6,4,2,1,2,1,2,1,1,2,1,2,"c","c","b","a","b","c","d","a","d","a"
"716",10610,6,4,1,2,2,2,2,1,1,2,1,2,"a","b","c","a","d","b","b","a","c","d"
"717",14878,6,4,2,2,2,2,1,2,2,1,2,2,"d","c","d","b","a","d","b","b","b","a"
"718",19042,6,4,2,2,1,2,1,2,1,2,2,1,"d","b","b","d","b","a","d","c","c","d"
"719",17748,6,4,2,2,2,1,2,1,2,1,2,2,"a","d","c","c","b","a","a","c","c","a"
"720",11868,6,4,2,2,2,2,1,1,2,1,2,1,"c","c","c","b","a","a","b","c","a","a"
"721",18908,7,1,1,2,1,2,1,1,2,1,1,1,"b","a","b","d","a","c","a","d","a","b"
"722",15083,7,1,1,2,2,1,1,1,1,2,1,1,"a","c","d","a","c","b","a","a","d","a"
"723",12903,7,1,2,2,2,2,1,1,2,2,1,2,"a","a","a","b","b","b","b","d","b","a"
"724",10747,7,1,2,2,2,2,2,2,2,1,1,2,"d","a","c","a","a","c","a","a","c","d"
"725",18831,7,1,1,2,2,1,1,1,1,2,1,1,"c","b","c","d","c","c","b","b","d","c"
"726",10244,7,1,1,2,1,2,2,2,1,1,2,1,"d","c","b","c","d","b","b","a","a","b"
"727",14583,7,1,2,2,2,2,2,1,1,1,2,2,"a","a","c","c","a","c","c","b","b","b"
"728",15778,7,1,2,2,1,2,2,1,2,1,1,2,"c","d","a","b","c","b","b","a","a","d"
"729",10933,7,1,1,2,1,1,2,1,1,1,1,2,"c","d","d","d","a","c","c","b","b","c"
"730",15602,7,1,2,1,1,1,1,1,2,2,2,2,"d","a","b","d","a","a","c","c","b","b"
"731",15938,7,1,1,2,1,2,1,1,2,2,1,1,"d","a","c","b","c","c","c","c","b","b"
"732",19473,7,1,1,1,2,1,2,1,2,2,2,1,"c","d","d","d","a","b","a","c","c","b"
"733",13883,7,1,2,2,1,2,2,2,1,2,1,2,"c","a","d","b","c","b","a","c","a","b"
"734",16031,7,1,1,2,2,1,1,1,2,2,2,2,"d","a","a","a","d","b","a","a","a","b"
"735",12331,7,1,2,2,2,2,1,2,2,1,2,2,"a","c","c","b","b","d","d","a","b","a"
"736",16015,7,1,2,1,2,2,1,2,2,2,2,2,"c","b","d","b","a","b","d","b","b","a"
"737",11675,7,1,2,2,1,2,2,2,2,2,1,1,"c","a","b","c","b","a","d","d","d","b"
"738",19981,7,1,2,2,1,1,2,2,1,2,1,1,"d","b","c","c","a","d","d","a","d","c"
"739",10134,7,1,2,2,2,1,1,2,2,1,2,1,"b","d","c","a","a","c","d","b","a","a"
"740",19573,7,1,2,1,1,1,1,2,2,2,2,2,"a","b","c","c","a","a","b","b","a","d"
"741",15268,7,1,1,2,2,1,2,1,1,2,2,1,"a","a","c","a","c","a","c","b","b","b"
"742",11228,7,1,2,2,2,1,1,2,2,1,1,2,"a","c","a","d","b","c","a","a","d","a"
"743",11495,7,1,2,1,2,2,2,1,2,1,1,2,"d","a","c","c","c","d","b","b","d","d"
"744",16229,7,1,1,1,2,2,1,1,2,2,2,1,"a","a","b","a","c","c","a","c","c","c"
"745",10926,7,1,2,1,1,2,2,2,2,2,2,2,"a","b","c","b","d","b","d","b","b","a"
"746",14547,7,1,1,1,2,1,1,1,2,2,1,1,"b","c","d","a","c","b","a","d","b","a"
"747",17082,7,1,2,1,1,1,2,1,1,2,1,1,"d","d","d","a","b","d","b","a","c","a"
"748",11548,7,1,1,2,2,2,2,2,2,2,2,1,"d","d","d","d","c","d","a","b","d","d"
"749",19267,7,1,2,2,2,2,1,1,1,1,2,2,"a","d","b","b","d","c","c","a","c","c"
"750",18991,7,1,1,2,1,1,2,1,2,2,2,2,"d","c","a","c","d","c","d","d","b","d"
"751",19111,7,2,2,1,2,1,1,2,2,2,2,2,"b","c","a","a","d","a","c","a","d","b"
"752",19619,7,2,1,1,1,2,1,1,1,1,2,1,"b","a","c","b","d","c","d","d","c","a"
"753",18001,7,2,2,2,2,1,1,1,2,1,2,2,"b","c","b","d","b","c","d","c","b","a"
"754",17812,7,2,1,1,2,1,2,2,2,1,1,1,"a","a","a","c","b","b","b","a","b","b"
"755",11792,7,2,2,1,1,1,2,1,2,1,1,1,"b","c","d","b","a","a","d","b","a","d"
"756",13244,7,2,1,1,1,2,1,2,2,2,1,2,"a","b","c","c","a","b","d","d","d","b"
"757",10975,7,2,1,1,2,2,1,2,1,2,2,1,"b","d","a","a","c","a","c","a","c","b"
"758",11808,7,2,2,1,2,2,2,1,2,1,2,1,"d","b","a","d","c","a","a","b","d","b"
"759",17014,7,2,2,2,2,2,2,2,2,2,2,2,"c","b","b","a","a","d","d","a","d","c"
"760",14781,7,2,2,2,2,2,1,1,2,1,1,2,"c","b","b","c","b","c","b","c","d","d"
"761",14639,7,2,1,2,1,2,2,1,1,2,1,2,"d","b","c","a","c","c","c","a","a","c"
"762",15632,7,2,1,2,2,2,1,1,2,1,2,2,"b","d","d","d","b","b","a","d","c","a"
"763",10721,7,2,2,1,1,1,2,1,1,1,2,2,"b","a","a","c","d","b","c","b","d","c"
"764",15061,7,2,1,2,2,1,2,2,1,2,2,1,"d","a","a","a","b","c","b","a","c","d"
"765",16968,7,2,2,1,2,2,1,2,1,1,2,2,"c","d","b","a","a","c","d","d","b","c"
"766",13196,7,2,1,2,2,2,2,2,1,2,1,2,"a","b","c","d","a","a","c","d","b","a"
"767",16674,7,2,2,1,1,1,2,2,2,2,1,2,"d","b","a","a","a","a","d","b","b","c"
"768",13425,7,2,2,1,1,1,1,1,2,2,2,1,"a","d","c","d","c","c","d","b","d","a"
"769",17724,7,2,1,1,2,2,1,2,1,2,1,1,"d","d","b","b","d","b","c","b","b","a"
"770",14040,7,2,2,1,1,1,1,2,2,1,2,1,"d","c","c","a","a","d","b","a","a","d"
"771",14822,7,2,2,1,1,2,2,1,2,2,1,1,"a","a","d","a","d","c","c","b","d","a"
"772",14699,7,2,2,2,1,1,1,2,2,2,2,2,"d","d","d","c","d","c","a","b","d","a"
"773",11779,7,2,2,1,2,1,1,2,1,1,2,2,"d","d","d","d","a","b","a","d","b","b"
"774",15742,7,2,1,2,1,2,2,1,1,1,1,1,"a","a","d","a","d","b","b","b","b","c"
"775",18733,7,2,2,1,1,2,2,2,2,1,1,2,"d","c","a","a","a","a","c","d","b","d"
"776",10865,7,2,1,2,2,2,2,1,2,2,1,1,"c","d","a","d","c","b","d","b","d","b"
"777",19435,7,2,2,2,1,2,2,1,2,2,2,2,"a","c","d","c","b","d","b","a","a","b"
"778",11845,7,2,1,1,1,1,1,1,2,2,2,1,"c","a","a","a","d","d","c","b","b","a"
"779",17707,7,2,1,1,2,2,2,1,2,2,2,1,"a","b","a","b","a","a","d","b","c","a"
"780",15537,7,2,2,2,1,2,1,1,1,2,1,2,"a","a","d","b","c","a","c","c","d","b"
"781",16315,7,3,1,2,1,1,2,1,2,1,2,1,"c","b","d","c","b","a","a","c","a","a"
"782",10415,7,3,1,2,2,1,1,1,2,2,2,2,"b","a","a","a","a","d","b","d","d","a"
"783",17162,7,3,2,1,1,2,2,2,2,1,2,1,"c","a","b","d","c","a","c","c","d","d"
"784",13000,7,3,1,2,1,2,2,1,2,1,1,1,"a","b","c","c","c","a","b","a","c","d"
"785",11815,7,3,1,1,2,2,2,2,1,1,2,1,"b","a","b","b","d","d","c","a","b","a"
"786",11001,7,3,2,2,1,1,2,2,1,1,1,1,"d","b","c","d","a","b","b","d","c","a"
"787",19169,7,3,1,1,1,2,2,1,2,2,1,2,"d","d","c","c","a","b","d","c","d","a"
"788",12556,7,3,1,2,2,1,1,1,2,1,2,2,"d","b","a","a","d","d","d","a","c","c"
"789",14850,7,3,2,2,2,2,1,1,1,2,2,1,"c","a","c","a","a","b","a","a","a","a"
"790",14673,7,3,2,2,1,1,2,1,2,2,2,1,"c","a","c","d","d","d","d","c","c","c"
"791",10169,7,3,1,2,1,2,1,1,1,2,1,2,"a","c","b","d","d","a","b","d","a","c"
"792",19157,7,3,1,1,2,1,2,2,1,1,2,2,"a","d","c","a","a","c","c","d","b","a"
"793",14243,7,3,1,2,2,1,2,2,1,2,1,2,"c","b","a","b","a","c","d","a","c","c"
"794",11727,7,3,2,2,2,2,2,1,2,2,2,2,"b","b","a","b","a","d","a","c","a","a"
"795",11336,7,3,1,1,1,1,1,1,1,1,1,2,"b","b","a","b","d","b","d","d","d","c"
"796",14109,7,3,1,2,1,1,2,2,1,2,1,2,"c","a","a","c","c","a","d","a","b","d"
"797",12820,7,3,1,1,2,1,2,2,2,1,2,2,"b","a","d","b","a","d","a","b","c","a"
"798",13865,7,3,2,2,1,2,1,2,2,2,2,2,"c","d","a","a","b","a","b","a","a","b"
"799",16620,7,3,2,1,1,2,1,2,2,2,1,1,"c","c","c","d","d","b","c","c","c","c"
"800",11848,7,3,2,1,1,2,2,1,2,1,2,2,"a","b","c","b","d","a","a","d","b","a"
"801",19133,7,3,1,1,1,1,1,2,1,2,2,2,"d","d","c","a","c","d","d","b","a","b"
"802",12200,7,3,2,1,1,1,1,1,2,2,2,2,"b","c","d","d","d","d","d","d","c","b"
"803",13031,7,3,2,1,1,1,1,2,1,1,2,2,"d","b","a","b","c","c","b","b","d","c"
"804",15173,7,3,1,1,1,1,1,1,2,2,2,2,"a","a","a","b","d","d","c","b","b","c"
"805",12495,7,3,1,2,2,1,2,2,2,1,2,1,"c","a","d","b","b","d","a","c","d","b"
"806",12388,7,3,1,2,2,2,1,1,1,2,2,2,"c","b","c","c","d","d","a","a","a","b"
"807",12657,7,3,1,2,1,2,1,2,1,2,1,2,"a","b","b","c","c","d","a","a","b","d"
"808",10193,7,3,1,2,1,2,1,2,2,2,1,1,"a","b","b","c","b","c","b","b","c","b"
"809",17231,7,3,2,1,2,2,2,2,1,2,1,2,"b","b","b","c","c","a","c","b","a","c"
"810",15633,7,3,1,1,1,1,1,1,2,1,1,1,"a","a","d","b","c","a","d","d","b","a"
"811",19076,7,4,1,1,2,2,1,2,2,2,2,1,"a","c","c","a","c","d","d","a","c","b"
"812",16537,7,4,2,1,2,1,1,1,1,1,1,2,"c","c","a","a","a","d","a","b","b","a"
"813",19490,7,4,2,2,2,1,2,2,1,2,2,1,"c","a","b","c","a","d","a","b","d","b"
"814",17305,7,4,2,2,2,2,2,2,1,1,2,1,"a","a","d","c","a","d","a","b","b","a"
"815",17773,7,4,2,1,1,2,1,1,2,2,1,1,"a","a","c","a","c","b","a","a","b","a"
"816",13145,7,4,1,2,2,2,1,1,2,2,1,1,"b","a","a","c","a","b","a","c","b","c"
"817",10992,7,4,2,1,1,2,1,2,2,1,2,1,"a","d","c","d","d","a","d","a","b","b"
"818",13879,7,4,1,1,2,2,2,2,1,2,1,2,"d","b","d","a","b","c","b","c","c","b"
"819",11577,7,4,2,1,1,2,1,2,1,2,1,2,"d","d","b","d","d","b","c","b","c","c"
"820",12177,7,4,2,1,2,2,2,2,1,2,1,1,"c","c","a","b","a","d","c","a","a","d"
"821",18451,7,4,2,1,1,2,1,2,1,2,2,1,"c","d","b","c","a","a","a","d","b","a"
"822",17863,7,4,2,2,1,1,1,2,2,2,2,1,"b","d","b","b","c","a","c","b","a","c"
"823",13875,7,4,2,2,2,2,2,2,2,1,2,1,"c","d","a","a","d","d","b","c","a","c"
"824",18287,7,4,2,2,2,1,2,2,1,2,1,1,"d","c","b","b","a","a","d","a","b","b"
"825",11755,7,4,2,2,1,1,2,1,1,2,1,1,"a","a","b","a","a","d","c","c","a","b"
"826",11973,7,4,1,2,1,1,1,1,2,1,1,2,"c","a","a","d","c","b","a","a","a","a"
"827",19818,7,4,1,1,2,1,2,1,1,1,1,1,"c","d","c","c","c","c","c","c","d","d"
"828",12567,7,4,2,2,2,1,1,2,2,2,1,1,"c","a","a","a","c","b","d","c","d","a"
"829",17625,7,4,2,2,2,1,2,1,2,2,2,2,"a","a","d","d","d","c","b","a","a","d"
"830",16086,7,4,1,1,1,1,1,1,1,2,2,2,"c","b","a","d","c","b","c","d","a","d"
"831",17789,7,4,2,1,2,2,2,2,1,1,2,1,"b","b","a","b","d","a","a","a","d","d"
"832",18706,7,4,2,2,2,1,2,1,2,1,2,1,"b","a","d","d","a","b","a","d","a","a"
"833",16717,7,4,1,1,2,1,1,2,2,2,1,2,"b","c","d","d","c","b","d","c","d","a"
"834",13541,7,4,1,2,1,2,1,1,1,2,2,1,"c","b","d","d","a","a","d","a","d","c"
"835",11198,7,4,1,2,1,2,2,2,2,2,1,1,"b","b","d","c","c","b","d","d","d","c"
"836",12236,7,4,2,2,2,1,2,2,1,2,2,1,"a","d","a","b","a","c","c","a","a","a"
"837",16604,7,4,1,1,1,1,2,1,2,2,2,1,"c","b","d","b","a","b","c","b","d","a"
"838",11178,7,4,2,2,2,2,2,2,1,1,1,2,"a","d","b","d","d","a","a","c","b","c"
"839",10077,7,4,2,1,2,1,1,2,1,2,1,2,"a","d","c","a","a","b","b","b","c","a"
"840",10096,7,4,1,2,1,2,1,2,1,1,1,1,"b","b","b","d","c","d","d","c","d","c"
